DATAFLOW,LAST UPDATE,freq,spdeps,unit,geo,TIME_PERIOD,OBS_VALUE,OBS_FLAG
ESTAT:SPR_EXP_TYPE(1.0),07/11/24 23:00:00,Annual,Total,Million euro,Albania,2018,1549.6,p
ESTAT:SPR_EXP_TYPE(1.0),07/11/24 23:00:00,Annual,Total,Million euro,Albania,2019,1674.36,p
ESTAT:SPR_EXP_TYPE(1.0),07/11/24 23:00:00,Annual,Total,Million euro,Albania,2020,1848.53,p
ESTAT:SPR_EXP_TYPE(1.0),07/11/24 23:00:00,Annual,Total,Million euro,Albania,2021,1978.58,p
ESTAT:SPR_EXP_TYPE(1.0),07/11/24 23:00:00,Annual,Total,Million euro,Albania,2022,2174.94,
ESTAT:SPR_EXP_TYPE(1.0),07/11/24 23:00:00,Annual,Total,Million euro,Austria,2013,95820.34,
ESTAT:SPR_EXP_TYPE(1.0),07/11/24 23:00:00,Annual,Total,Million euro,Austria,2014,99045.47,
ESTAT:SPR_EXP_TYPE(1.0),07/11/24 23:00:00,Annual,Total,Million euro,Austria,2015,102531.18,
ESTAT:SPR_EXP_TYPE(1.0),07/11/24 23:00:00,Annual,Total,Million euro,Austria,2016,106365.42,
ESTAT:SPR_EXP_TYPE(1.0),07/11/24 23:00:00,Annual,Total,Million euro,Austria,2017,108277.55,
ESTAT:SPR_EXP_TYPE(1.0),07/11/24 23:00:00,Annual,Total,Million euro,Austria,2018,111933.37,
ESTAT:SPR_EXP_TYPE(1.0),07/11/24 23:00:00,Annual,Total,Million euro,Austria,2019,116227.25,
ESTAT:SPR_EXP_TYPE(1.0),07/11/24 23:00:00,Annual,Total,Million euro,Austria,2020,129636.99,
ESTAT:SPR_EXP_TYPE(1.0),07/11/24 23:00:00,Annual,Total,Million euro,Austria,2021,133376.73,
ESTAT:SPR_EXP_TYPE(1.0),07/11/24 23:00:00,Annual,Total,Million euro,Austria,2022,136092.99,
ESTAT:SPR_EXP_TYPE(1.0),07/11/24 23:00:00,Annual,Total,Million euro,Bosnia and Herzegovina,2013,2834.4,
ESTAT:SPR_EXP_TYPE(1.0),07/11/24 23:00:00,Annual,Total,Million euro,Bosnia and Herzegovina,2014,2928.44,
ESTAT:SPR_EXP_TYPE(1.0),07/11/24 23:00:00,Annual,Total,Million euro,Bosnia and Herzegovina,2015,3007.41,
ESTAT:SPR_EXP_TYPE(1.0),07/11/24 23:00:00,Annual,Total,Million euro,Bosnia and Herzegovina,2016,3219.41,
ESTAT:SPR_EXP_TYPE(1.0),07/11/24 23:00:00,Annual,Total,Million euro,Bosnia and Herzegovina,2017,3289.34,
ESTAT:SPR_EXP_TYPE(1.0),07/11/24 23:00:00,Annual,Total,Million euro,Bosnia and Herzegovina,2018,3425.29,
ESTAT:SPR_EXP_TYPE(1.0),07/11/24 23:00:00,Annual,Total,Million euro,Bosnia and Herzegovina,2019,3631.8,
ESTAT:SPR_EXP_TYPE(1.0),07/11/24 23:00:00,Annual,Total,Million euro,Bosnia and Herzegovina,2020,3961.08,
ESTAT:SPR_EXP_TYPE(1.0),07/11/24 23:00:00,Annual,Total,Million euro,Bosnia and Herzegovina,2021,3993.55,
ESTAT:SPR_EXP_TYPE(1.0),07/11/24 23:00:00,Annual,Total,Million euro,Bosnia and Herzegovina,2022,4382.25,
ESTAT:SPR_EXP_TYPE(1.0),07/11/24 23:00:00,Annual,Total,Million euro,Belgium,2013,118001.04,
ESTAT:SPR_EXP_TYPE(1.0),07/11/24 23:00:00,Annual,Total,Million euro,Belgium,2014,120900.75,
ESTAT:SPR_EXP_TYPE(1.0),07/11/24 23:00:00,Annual,Total,Million euro,Belgium,2015,124291.34,
ESTAT:SPR_EXP_TYPE(1.0),07/11/24 23:00:00,Annual,Total,Million euro,Belgium,2016,125762.76,
ESTAT:SPR_EXP_TYPE(1.0),07/11/24 23:00:00,Annual,Total,Million euro,Belgium,2017,128383.74,
ESTAT:SPR_EXP_TYPE(1.0),07/11/24 23:00:00,Annual,Total,Million euro,Belgium,2018,132162.35,
ESTAT:SPR_EXP_TYPE(1.0),07/11/24 23:00:00,Annual,Total,Million euro,Belgium,2019,137272.43,
ESTAT:SPR_EXP_TYPE(1.0),07/11/24 23:00:00,Annual,Total,Million euro,Belgium,2020,150515.06,
ESTAT:SPR_EXP_TYPE(1.0),07/11/24 23:00:00,Annual,Total,Million euro,Belgium,2021,152396.8,p
ESTAT:SPR_EXP_TYPE(1.0),07/11/24 23:00:00,Annual,Total,Million euro,Belgium,2022,160905.04,
ESTAT:SPR_EXP_TYPE(1.0),07/11/24 23:00:00,Annual,Total,Million euro,Bulgaria,2013,7384.79,
ESTAT:SPR_EXP_TYPE(1.0),07/11/24 23:00:00,Annual,Total,Million euro,Bulgaria,2014,7910.8,
ESTAT:SPR_EXP_TYPE(1.0),07/11/24 23:00:00,Annual,Total,Million euro,Bulgaria,2015,8084.04,
ESTAT:SPR_EXP_TYPE(1.0),07/11/24 23:00:00,Annual,Total,Million euro,Bulgaria,2016,8449.12,
ESTAT:SPR_EXP_TYPE(1.0),07/11/24 23:00:00,Annual,Total,Million euro,Bulgaria,2017,8832.89,
ESTAT:SPR_EXP_TYPE(1.0),07/11/24 23:00:00,Annual,Total,Million euro,Bulgaria,2018,9463.8,
ESTAT:SPR_EXP_TYPE(1.0),07/11/24 23:00:00,Annual,Total,Million euro,Bulgaria,2019,10184.24,
ESTAT:SPR_EXP_TYPE(1.0),07/11/24 23:00:00,Annual,Total,Million euro,Bulgaria,2020,11518.96,
ESTAT:SPR_EXP_TYPE(1.0),07/11/24 23:00:00,Annual,Total,Million euro,Bulgaria,2021,13426.2,
ESTAT:SPR_EXP_TYPE(1.0),07/11/24 23:00:00,Annual,Total,Million euro,Bulgaria,2022,16049.73,
ESTAT:SPR_EXP_TYPE(1.0),07/11/24 23:00:00,Annual,Total,Million euro,Switzerland,2013,137575.15,
ESTAT:SPR_EXP_TYPE(1.0),07/11/24 23:00:00,Annual,Total,Million euro,Switzerland,2014,142842.78,
ESTAT:SPR_EXP_TYPE(1.0),07/11/24 23:00:00,Annual,Total,Million euro,Switzerland,2015,167949.4,
ESTAT:SPR_EXP_TYPE(1.0),07/11/24 23:00:00,Annual,Total,Million euro,Switzerland,2016,169324.27,
ESTAT:SPR_EXP_TYPE(1.0),07/11/24 23:00:00,Annual,Total,Million euro,Switzerland,2017,169888.27,
ESTAT:SPR_EXP_TYPE(1.0),07/11/24 23:00:00,Annual,Total,Million euro,Switzerland,2018,166271.43,
ESTAT:SPR_EXP_TYPE(1.0),07/11/24 23:00:00,Annual,Total,Million euro,Switzerland,2019,178202.12,
ESTAT:SPR_EXP_TYPE(1.0),07/11/24 23:00:00,Annual,Total,Million euro,Switzerland,2020,204532.87,
ESTAT:SPR_EXP_TYPE(1.0),07/11/24 23:00:00,Annual,Total,Million euro,Switzerland,2021,204337.76,
ESTAT:SPR_EXP_TYPE(1.0),07/11/24 23:00:00,Annual,Total,Million euro,Switzerland,2022,223486.72,p
ESTAT:SPR_EXP_TYPE(1.0),07/11/24 23:00:00,Annual,Total,Million euro,Cyprus,2013,4134.98,
ESTAT:SPR_EXP_TYPE(1.0),07/11/24 23:00:00,Annual,Total,Million euro,Cyprus,2014,3511.59,
ESTAT:SPR_EXP_TYPE(1.0),07/11/24 23:00:00,Annual,Total,Million euro,Cyprus,2015,3571.48,
ESTAT:SPR_EXP_TYPE(1.0),07/11/24 23:00:00,Annual,Total,Million euro,Cyprus,2016,3672.24,
ESTAT:SPR_EXP_TYPE(1.0),07/11/24 23:00:00,Annual,Total,Million euro,Cyprus,2017,3719.65,
ESTAT:SPR_EXP_TYPE(1.0),07/11/24 23:00:00,Annual,Total,Million euro,Cyprus,2018,3822.83,
ESTAT:SPR_EXP_TYPE(1.0),07/11/24 23:00:00,Annual,Total,Million euro,Cyprus,2019,4285.8,
ESTAT:SPR_EXP_TYPE(1.0),07/11/24 23:00:00,Annual,Total,Million euro,Cyprus,2020,5426.48,
ESTAT:SPR_EXP_TYPE(1.0),07/11/24 23:00:00,Annual,Total,Million euro,Cyprus,2021,5559.31,
ESTAT:SPR_EXP_TYPE(1.0),07/11/24 23:00:00,Annual,Total,Million euro,Cyprus,2022,5827.16,
ESTAT:SPR_EXP_TYPE(1.0),07/11/24 23:00:00,Annual,Total,Million euro,Czechia,2013,31797.96,
ESTAT:SPR_EXP_TYPE(1.0),07/11/24 23:00:00,Annual,Total,Million euro,Czechia,2014,30794.58,
ESTAT:SPR_EXP_TYPE(1.0),07/11/24 23:00:00,Annual,Total,Million euro,Czechia,2015,31918.74,
ESTAT:SPR_EXP_TYPE(1.0),07/11/24 23:00:00,Annual,Total,Million euro,Czechia,2016,33246.24,
ESTAT:SPR_EXP_TYPE(1.0),07/11/24 23:00:00,Annual,Total,Million euro,Czechia,2017,35586.75,
ESTAT:SPR_EXP_TYPE(1.0),07/11/24 23:00:00,Annual,Total,Million euro,Czechia,2018,38934.24,
ESTAT:SPR_EXP_TYPE(1.0),07/11/24 23:00:00,Annual,Total,Million euro,Czechia,2019,42407.59,
ESTAT:SPR_EXP_TYPE(1.0),07/11/24 23:00:00,Annual,Total,Million euro,Czechia,2020,47397.76,
ESTAT:SPR_EXP_TYPE(1.0),07/11/24 23:00:00,Annual,Total,Million euro,Czechia,2021,52095.32,
ESTAT:SPR_EXP_TYPE(1.0),07/11/24 23:00:00,Annual,Total,Million euro,Czechia,2022,57227.63,
ESTAT:SPR_EXP_TYPE(1.0),07/11/24 23:00:00,Annual,Total,Million euro,Germany,2013,822025.95,
ESTAT:SPR_EXP_TYPE(1.0),07/11/24 23:00:00,Annual,Total,Million euro,Germany,2014,851055.99,
ESTAT:SPR_EXP_TYPE(1.0),07/11/24 23:00:00,Annual,Total,Million euro,Germany,2015,888353.86,
ESTAT:SPR_EXP_TYPE(1.0),07/11/24 23:00:00,Annual,Total,Million euro,Germany,2016,928101.29,
ESTAT:SPR_EXP_TYPE(1.0),07/11/24 23:00:00,Annual,Total,Million euro,Germany,2017,963830.05,
ESTAT:SPR_EXP_TYPE(1.0),07/11/24 23:00:00,Annual,Total,Million euro,Germany,2018,998597.62,
ESTAT:SPR_EXP_TYPE(1.0),07/11/24 23:00:00,Annual,Total,Million euro,Germany,2019,1044664.8,
ESTAT:SPR_EXP_TYPE(1.0),07/11/24 23:00:00,Annual,Total,Million euro,Germany,2020,1117497.66,
ESTAT:SPR_EXP_TYPE(1.0),07/11/24 23:00:00,Annual,Total,Million euro,Germany,2021,1154585.31,
ESTAT:SPR_EXP_TYPE(1.0),07/11/24 23:00:00,Annual,Total,Million euro,Germany,2022,1186698.5,p
ESTAT:SPR_EXP_TYPE(1.0),07/11/24 23:00:00,Annual,Total,Million euro,Denmark,2013,89231.63,
ESTAT:SPR_EXP_TYPE(1.0),07/11/24 23:00:00,Annual,Total,Million euro,Denmark,2014,91329.62,
ESTAT:SPR_EXP_TYPE(1.0),07/11/24 23:00:00,Annual,Total,Million euro,Denmark,2015,92031.09,
ESTAT:SPR_EXP_TYPE(1.0),07/11/24 23:00:00,Annual,Total,Million euro,Denmark,2016,91913.25,
ESTAT:SPR_EXP_TYPE(1.0),07/11/24 23:00:00,Annual,Total,Million euro,Denmark,2017,94486.35,
ESTAT:SPR_EXP_TYPE(1.0),07/11/24 23:00:00,Annual,Total,Million euro,Denmark,2018,96095.56,
ESTAT:SPR_EXP_TYPE(1.0),07/11/24 23:00:00,Annual,Total,Million euro,Denmark,2019,98136.56,
ESTAT:SPR_EXP_TYPE(1.0),07/11/24 23:00:00,Annual,Total,Million euro,Denmark,2020,104367.09,
ESTAT:SPR_EXP_TYPE(1.0),07/11/24 23:00:00,Annual,Total,Million euro,Denmark,2021,107068.53,
ESTAT:SPR_EXP_TYPE(1.0),07/11/24 23:00:00,Annual,Total,Million euro,Denmark,2022,107268.95,p
ESTAT:SPR_EXP_TYPE(1.0),07/11/24 23:00:00,Annual,Total,Million euro,Euro area - 12 countries (2001-2006),2013,2918235.1,
ESTAT:SPR_EXP_TYPE(1.0),07/11/24 23:00:00,Annual,Total,Million euro,Euro area - 12 countries (2001-2006),2014,2978998.78,
ESTAT:SPR_EXP_TYPE(1.0),07/11/24 23:00:00,Annual,Total,Million euro,Euro area - 12 countries (2001-2006),2015,3048387.47,
ESTAT:SPR_EXP_TYPE(1.0),07/11/24 23:00:00,Annual,Total,Million euro,Euro area - 12 countries (2001-2006),2016,3114624.39,
ESTAT:SPR_EXP_TYPE(1.0),07/11/24 23:00:00,Annual,Total,Million euro,Euro area - 12 countries (2001-2006),2017,3191378.71,p
ESTAT:SPR_EXP_TYPE(1.0),07/11/24 23:00:00,Annual,Total,Million euro,Euro area - 12 countries (2001-2006),2018,3281857.68,p
ESTAT:SPR_EXP_TYPE(1.0),07/11/24 23:00:00,Annual,Total,Million euro,Euro area - 12 countries (2001-2006),2019,3404052.83,p
ESTAT:SPR_EXP_TYPE(1.0),07/11/24 23:00:00,Annual,Total,Million euro,Euro area - 12 countries (2001-2006),2020,3699410.96,p
ESTAT:SPR_EXP_TYPE(1.0),07/11/24 23:00:00,Annual,Total,Million euro,Euro area - 12 countries (2001-2006),2021,3786890.67,p
ESTAT:SPR_EXP_TYPE(1.0),07/11/24 23:00:00,Annual,Total,Million euro,Euro area - 12 countries (2001-2006),2022,3872145.75,p
ESTAT:SPR_EXP_TYPE(1.0),07/11/24 23:00:00,Annual,Total,Million euro,Euro area - 18 countries (2014),2013,2952491.9,
ESTAT:SPR_EXP_TYPE(1.0),07/11/24 23:00:00,Annual,Total,Million euro,Euro area - 18 countries (2014),2014,3013518.09,
ESTAT:SPR_EXP_TYPE(1.0),07/11/24 23:00:00,Annual,Total,Million euro,Euro area - 18 countries (2014),2015,3084157.62,
ESTAT:SPR_EXP_TYPE(1.0),07/11/24 23:00:00,Annual,Total,Million euro,Euro area - 18 countries (2014),2016,3151716.28,
ESTAT:SPR_EXP_TYPE(1.0),07/11/24 23:00:00,Annual,Total,Million euro,Euro area - 18 countries (2014),2017,3229822.88,p
ESTAT:SPR_EXP_TYPE(1.0),07/11/24 23:00:00,Annual,Total,Million euro,Euro area - 18 countries (2014),2018,3322544.4,p
ESTAT:SPR_EXP_TYPE(1.0),07/11/24 23:00:00,Annual,Total,Million euro,Euro area - 18 countries (2014),2019,3447419.91,p
ESTAT:SPR_EXP_TYPE(1.0),07/11/24 23:00:00,Annual,Total,Million euro,Euro area - 18 countries (2014),2020,3748626.72,p
ESTAT:SPR_EXP_TYPE(1.0),07/11/24 23:00:00,Annual,Total,Million euro,Euro area - 18 countries (2014),2021,3839602.75,p
ESTAT:SPR_EXP_TYPE(1.0),07/11/24 23:00:00,Annual,Total,Million euro,Euro area - 18 countries (2014),2022,3926917.2,p
ESTAT:SPR_EXP_TYPE(1.0),07/11/24 23:00:00,Annual,Total,Million euro,Euro area - 19 countries  (2015-2022),2013,2957876.44,
ESTAT:SPR_EXP_TYPE(1.0),07/11/24 23:00:00,Annual,Total,Million euro,Euro area - 19 countries  (2015-2022),2014,3019127.5,
ESTAT:SPR_EXP_TYPE(1.0),07/11/24 23:00:00,Annual,Total,Million euro,Euro area - 19 countries  (2015-2022),2015,3090007.59,
ESTAT:SPR_EXP_TYPE(1.0),07/11/24 23:00:00,Annual,Total,Million euro,Euro area - 19 countries  (2015-2022),2016,3157696.87,
ESTAT:SPR_EXP_TYPE(1.0),07/11/24 23:00:00,Annual,Total,Million euro,Euro area - 19 countries  (2015-2022),2017,3236196.65,p
ESTAT:SPR_EXP_TYPE(1.0),07/11/24 23:00:00,Annual,Total,Million euro,Euro area - 19 countries  (2015-2022),2018,3329753.72,p
ESTAT:SPR_EXP_TYPE(1.0),07/11/24 23:00:00,Annual,Total,Million euro,Euro area - 19 countries  (2015-2022),2019,3455474.94,p
ESTAT:SPR_EXP_TYPE(1.0),07/11/24 23:00:00,Annual,Total,Million euro,Euro area - 19 countries  (2015-2022),2020,3758331.86,p
ESTAT:SPR_EXP_TYPE(1.0),07/11/24 23:00:00,Annual,Total,Million euro,Euro area - 19 countries  (2015-2022),2021,3850035.18,p
ESTAT:SPR_EXP_TYPE(1.0),07/11/24 23:00:00,Annual,Total,Million euro,Euro area - 19 countries  (2015-2022),2022,3938107.21,p
ESTAT:SPR_EXP_TYPE(1.0),07/11/24 23:00:00,Annual,Total,Million euro,Euro area – 20 countries (from 2023),2013,2967227.29,
ESTAT:SPR_EXP_TYPE(1.0),07/11/24 23:00:00,Annual,Total,Million euro,Euro area – 20 countries (from 2023),2014,3028603.58,
ESTAT:SPR_EXP_TYPE(1.0),07/11/24 23:00:00,Annual,Total,Million euro,Euro area – 20 countries (from 2023),2015,3099736.72,
ESTAT:SPR_EXP_TYPE(1.0),07/11/24 23:00:00,Annual,Total,Million euro,Euro area – 20 countries (from 2023),2016,3167891.99,
ESTAT:SPR_EXP_TYPE(1.0),07/11/24 23:00:00,Annual,Total,Million euro,Euro area – 20 countries (from 2023),2017,3246800.61,p
ESTAT:SPR_EXP_TYPE(1.0),07/11/24 23:00:00,Annual,Total,Million euro,Euro area – 20 countries (from 2023),2018,3340965.3,p
ESTAT:SPR_EXP_TYPE(1.0),07/11/24 23:00:00,Annual,Total,Million euro,Euro area – 20 countries (from 2023),2019,3467271.76,p
ESTAT:SPR_EXP_TYPE(1.0),07/11/24 23:00:00,Annual,Total,Million euro,Euro area – 20 countries (from 2023),2020,3770471.99,p
ESTAT:SPR_EXP_TYPE(1.0),07/11/24 23:00:00,Annual,Total,Million euro,Euro area – 20 countries (from 2023),2021,3863126.69,p
ESTAT:SPR_EXP_TYPE(1.0),07/11/24 23:00:00,Annual,Total,Million euro,Euro area – 20 countries (from 2023),2022,3952241.19,p
ESTAT:SPR_EXP_TYPE(1.0),07/11/24 23:00:00,Annual,Total,Million euro,Estonia,2013,2808.39,
ESTAT:SPR_EXP_TYPE(1.0),07/11/24 23:00:00,Annual,Total,Million euro,Estonia,2014,2986.8,
ESTAT:SPR_EXP_TYPE(1.0),07/11/24 23:00:00,Annual,Total,Million euro,Estonia,2015,3326.86,
ESTAT:SPR_EXP_TYPE(1.0),07/11/24 23:00:00,Annual,Total,Million euro,Estonia,2016,3600.73,
ESTAT:SPR_EXP_TYPE(1.0),07/11/24 23:00:00,Annual,Total,Million euro,Estonia,2017,3803.25,
ESTAT:SPR_EXP_TYPE(1.0),07/11/24 23:00:00,Annual,Total,Million euro,Estonia,2018,4239.77,
ESTAT:SPR_EXP_TYPE(1.0),07/11/24 23:00:00,Annual,Total,Million euro,Estonia,2019,4587.96,
ESTAT:SPR_EXP_TYPE(1.0),07/11/24 23:00:00,Annual,Total,Million euro,Estonia,2020,5277.43,
ESTAT:SPR_EXP_TYPE(1.0),07/11/24 23:00:00,Annual,Total,Million euro,Estonia,2021,5421.19,
ESTAT:SPR_EXP_TYPE(1.0),07/11/24 23:00:00,Annual,Total,Million euro,Estonia,2022,5736.01,
ESTAT:SPR_EXP_TYPE(1.0),07/11/24 23:00:00,Annual,Total,Million euro,European Economic Area except Liechtenstein,2013,3446450.82,
ESTAT:SPR_EXP_TYPE(1.0),07/11/24 23:00:00,Annual,Total,Million euro,European Economic Area except Liechtenstein,2014,3508472.93,
ESTAT:SPR_EXP_TYPE(1.0),07/11/24 23:00:00,Annual,Total,Million euro,European Economic Area except Liechtenstein,2015,3589985.13,b
ESTAT:SPR_EXP_TYPE(1.0),07/11/24 23:00:00,Annual,Total,Million euro,European Economic Area except Liechtenstein,2016,3674251.19,
ESTAT:SPR_EXP_TYPE(1.0),07/11/24 23:00:00,Annual,Total,Million euro,European Economic Area except Liechtenstein,2017,3772516.25,p
ESTAT:SPR_EXP_TYPE(1.0),07/11/24 23:00:00,Annual,Total,Million euro,European Economic Area except Liechtenstein,2018,3875740.6,p
ESTAT:SPR_EXP_TYPE(1.0),07/11/24 23:00:00,Annual,Total,Million euro,European Economic Area except Liechtenstein,2019,4027971.33,p
ESTAT:SPR_EXP_TYPE(1.0),07/11/24 23:00:00,Annual,Total,Million euro,European Economic Area except Liechtenstein,2020,4368565.79,p
ESTAT:SPR_EXP_TYPE(1.0),07/11/24 23:00:00,Annual,Total,Million euro,European Economic Area except Liechtenstein,2021,4502215.29,p
ESTAT:SPR_EXP_TYPE(1.0),07/11/24 23:00:00,Annual,Total,Million euro,European Economic Area except Liechtenstein,2022,4619444.98,p
ESTAT:SPR_EXP_TYPE(1.0),07/11/24 23:00:00,Annual,Total,Million euro,European Free Trade Association except Liechtenstein,2013,236798.22,
ESTAT:SPR_EXP_TYPE(1.0),07/11/24 23:00:00,Annual,Total,Million euro,European Free Trade Association except Liechtenstein,2014,241469.68,
ESTAT:SPR_EXP_TYPE(1.0),07/11/24 23:00:00,Annual,Total,Million euro,European Free Trade Association except Liechtenstein,2015,266116.77,
ESTAT:SPR_EXP_TYPE(1.0),07/11/24 23:00:00,Annual,Total,Million euro,European Free Trade Association except Liechtenstein,2016,268665.04,
ESTAT:SPR_EXP_TYPE(1.0),07/11/24 23:00:00,Annual,Total,Million euro,European Free Trade Association except Liechtenstein,2017,273351.8,
ESTAT:SPR_EXP_TYPE(1.0),07/11/24 23:00:00,Annual,Total,Million euro,European Free Trade Association except Liechtenstein,2018,270467.2,
ESTAT:SPR_EXP_TYPE(1.0),07/11/24 23:00:00,Annual,Total,Million euro,European Free Trade Association except Liechtenstein,2019,284452.97,
ESTAT:SPR_EXP_TYPE(1.0),07/11/24 23:00:00,Annual,Total,Million euro,European Free Trade Association except Liechtenstein,2020,309460.21,
ESTAT:SPR_EXP_TYPE(1.0),07/11/24 23:00:00,Annual,Total,Million euro,European Free Trade Association except Liechtenstein,2021,320906.02,
ESTAT:SPR_EXP_TYPE(1.0),07/11/24 23:00:00,Annual,Total,Million euro,European Free Trade Association except Liechtenstein,2022,346618.39,p
ESTAT:SPR_EXP_TYPE(1.0),07/11/24 23:00:00,Annual,Total,Million euro,Greece,2013,47919.17,
ESTAT:SPR_EXP_TYPE(1.0),07/11/24 23:00:00,Annual,Total,Million euro,Greece,2014,46209.36,
ESTAT:SPR_EXP_TYPE(1.0),07/11/24 23:00:00,Annual,Total,Million euro,Greece,2015,46350.98,
ESTAT:SPR_EXP_TYPE(1.0),07/11/24 23:00:00,Annual,Total,Million euro,Greece,2016,46403.2,
ESTAT:SPR_EXP_TYPE(1.0),07/11/24 23:00:00,Annual,Total,Million euro,Greece,2017,45426.47,p
ESTAT:SPR_EXP_TYPE(1.0),07/11/24 23:00:00,Annual,Total,Million euro,Greece,2018,45758.11,p
ESTAT:SPR_EXP_TYPE(1.0),07/11/24 23:00:00,Annual,Total,Million euro,Greece,2019,46643.49,p
ESTAT:SPR_EXP_TYPE(1.0),07/11/24 23:00:00,Annual,Total,Million euro,Greece,2020,48677.94,p
ESTAT:SPR_EXP_TYPE(1.0),07/11/24 23:00:00,Annual,Total,Million euro,Greece,2021,49143.34,p
ESTAT:SPR_EXP_TYPE(1.0),07/11/24 23:00:00,Annual,Total,Million euro,Greece,2022,50179.43,p
ESTAT:SPR_EXP_TYPE(1.0),07/11/24 23:00:00,Annual,Total,Million euro,Spain,2013,264796.1,
ESTAT:SPR_EXP_TYPE(1.0),07/11/24 23:00:00,Annual,Total,Million euro,Spain,2014,263473.41,
ESTAT:SPR_EXP_TYPE(1.0),07/11/24 23:00:00,Annual,Total,Million euro,Spain,2015,266281.89,
ESTAT:SPR_EXP_TYPE(1.0),07/11/24 23:00:00,Annual,Total,Million euro,Spain,2016,265607.67,
ESTAT:SPR_EXP_TYPE(1.0),07/11/24 23:00:00,Annual,Total,Million euro,Spain,2017,272232.16,
ESTAT:SPR_EXP_TYPE(1.0),07/11/24 23:00:00,Annual,Total,Million euro,Spain,2018,283859.24,
ESTAT:SPR_EXP_TYPE(1.0),07/11/24 23:00:00,Annual,Total,Million euro,Spain,2019,300318.25,p
ESTAT:SPR_EXP_TYPE(1.0),07/11/24 23:00:00,Annual,Total,Million euro,Spain,2020,336316.04,p
ESTAT:SPR_EXP_TYPE(1.0),07/11/24 23:00:00,Annual,Total,Million euro,Spain,2021,343241.32,
ESTAT:SPR_EXP_TYPE(1.0),07/11/24 23:00:00,Annual,Total,Million euro,Spain,2022,355326.66,
ESTAT:SPR_EXP_TYPE(1.0),07/11/24 23:00:00,Annual,Total,Million euro,European Union - 15 countries (1995-2004),2013,3726388.78,
ESTAT:SPR_EXP_TYPE(1.0),07/11/24 23:00:00,Annual,Total,Million euro,European Union - 15 countries (1995-2004),2014,3827586.82,
ESTAT:SPR_EXP_TYPE(1.0),07/11/24 23:00:00,Annual,Total,Million euro,European Union - 15 countries (1995-2004),2015,3994059.37,
ESTAT:SPR_EXP_TYPE(1.0),07/11/24 23:00:00,Annual,Total,Million euro,European Union - 15 countries (1995-2004),2016,3972952.37,
ESTAT:SPR_EXP_TYPE(1.0),07/11/24 23:00:00,Annual,Total,Million euro,European Union - 15 countries (1995-2004),2017,4044369.37,p
ESTAT:SPR_EXP_TYPE(1.0),07/11/24 23:00:00,Annual,Total,Million euro,European Union - 15 countries (1995-2004),2018,4133332.92,p
ESTAT:SPR_EXP_TYPE(1.0),07/11/24 23:00:00,Annual,Total,Million euro,European Union - 27 countries (2007-2013),2013,3925056.47,
ESTAT:SPR_EXP_TYPE(1.0),07/11/24 23:00:00,Annual,Total,Million euro,European Union - 27 countries (2007-2013),2014,4028887.7,
ESTAT:SPR_EXP_TYPE(1.0),07/11/24 23:00:00,Annual,Total,Million euro,European Union - 27 countries (2007-2013),2015,4203899.63,b
ESTAT:SPR_EXP_TYPE(1.0),07/11/24 23:00:00,Annual,Total,Million euro,European Union - 27 countries (2007-2013),2016,4194062.06,
ESTAT:SPR_EXP_TYPE(1.0),07/11/24 23:00:00,Annual,Total,Million euro,European Union - 27 countries (2007-2013),2017,4279079.46,p
ESTAT:SPR_EXP_TYPE(1.0),07/11/24 23:00:00,Annual,Total,Million euro,European Union - 27 countries (2007-2013),2018,4382409.46,p
ESTAT:SPR_EXP_TYPE(1.0),07/11/24 23:00:00,Annual,Total,Million euro,European Union - 27 countries (from 2020),2013,3347227.75,
ESTAT:SPR_EXP_TYPE(1.0),07/11/24 23:00:00,Annual,Total,Million euro,European Union - 27 countries (from 2020),2014,3409846.03,
ESTAT:SPR_EXP_TYPE(1.0),07/11/24 23:00:00,Annual,Total,Million euro,European Union - 27 countries (from 2020),2015,3491817.76,b
ESTAT:SPR_EXP_TYPE(1.0),07/11/24 23:00:00,Annual,Total,Million euro,European Union - 27 countries (from 2020),2016,3574910.43,
ESTAT:SPR_EXP_TYPE(1.0),07/11/24 23:00:00,Annual,Total,Million euro,European Union - 27 countries (from 2020),2017,3669052.72,p
ESTAT:SPR_EXP_TYPE(1.0),07/11/24 23:00:00,Annual,Total,Million euro,European Union - 27 countries (from 2020),2018,3771544.83,p
ESTAT:SPR_EXP_TYPE(1.0),07/11/24 23:00:00,Annual,Total,Million euro,European Union - 27 countries (from 2020),2019,3921720.48,p
ESTAT:SPR_EXP_TYPE(1.0),07/11/24 23:00:00,Annual,Total,Million euro,European Union - 27 countries (from 2020),2020,4263638.46,p
ESTAT:SPR_EXP_TYPE(1.0),07/11/24 23:00:00,Annual,Total,Million euro,European Union - 27 countries (from 2020),2021,4385647.02,p
ESTAT:SPR_EXP_TYPE(1.0),07/11/24 23:00:00,Annual,Total,Million euro,European Union - 27 countries (from 2020),2022,4496313.32,p
ESTAT:SPR_EXP_TYPE(1.0),07/11/24 23:00:00,Annual,Total,Million euro,European Union - 28 countries (2013-2020),2013,3934407.33,
ESTAT:SPR_EXP_TYPE(1.0),07/11/24 23:00:00,Annual,Total,Million euro,European Union - 28 countries (2013-2020),2014,4038363.77,
ESTAT:SPR_EXP_TYPE(1.0),07/11/24 23:00:00,Annual,Total,Million euro,European Union - 28 countries (2013-2020),2015,4213628.76,b
ESTAT:SPR_EXP_TYPE(1.0),07/11/24 23:00:00,Annual,Total,Million euro,European Union - 28 countries (2013-2020),2016,4204257.18,
ESTAT:SPR_EXP_TYPE(1.0),07/11/24 23:00:00,Annual,Total,Million euro,European Union - 28 countries (2013-2020),2017,4289683.42,p
ESTAT:SPR_EXP_TYPE(1.0),07/11/24 23:00:00,Annual,Total,Million euro,European Union - 28 countries (2013-2020),2018,4393621.05,p
ESTAT:SPR_EXP_TYPE(1.0),07/11/24 23:00:00,Annual,Total,Million euro,Finland,2013,63317.09,
ESTAT:SPR_EXP_TYPE(1.0),07/11/24 23:00:00,Annual,Total,Million euro,Finland,2014,65552.72,
ESTAT:SPR_EXP_TYPE(1.0),07/11/24 23:00:00,Annual,Total,Million euro,Finland,2015,67182.27,
ESTAT:SPR_EXP_TYPE(1.0),07/11/24 23:00:00,Annual,Total,Million euro,Finland,2016,68826.95,
ESTAT:SPR_EXP_TYPE(1.0),07/11/24 23:00:00,Annual,Total,Million euro,Finland,2017,69089.84,
ESTAT:SPR_EXP_TYPE(1.0),07/11/24 23:00:00,Annual,Total,Million euro,Finland,2018,70228.9,
ESTAT:SPR_EXP_TYPE(1.0),07/11/24 23:00:00,Annual,Total,Million euro,Finland,2019,72116.92,
ESTAT:SPR_EXP_TYPE(1.0),07/11/24 23:00:00,Annual,Total,Million euro,Finland,2020,75890.77,
ESTAT:SPR_EXP_TYPE(1.0),07/11/24 23:00:00,Annual,Total,Million euro,Finland,2021,77836.39,
ESTAT:SPR_EXP_TYPE(1.0),07/11/24 23:00:00,Annual,Total,Million euro,Finland,2022,80047.55,
ESTAT:SPR_EXP_TYPE(1.0),07/11/24 23:00:00,Annual,Total,Million euro,France,2013,724603.84,
ESTAT:SPR_EXP_TYPE(1.0),07/11/24 23:00:00,Annual,Total,Million euro,France,2014,741364.79,
ESTAT:SPR_EXP_TYPE(1.0),07/11/24 23:00:00,Annual,Total,Million euro,France,2015,752959.04,
ESTAT:SPR_EXP_TYPE(1.0),07/11/24 23:00:00,Annual,Total,Million euro,France,2016,765850.61,
ESTAT:SPR_EXP_TYPE(1.0),07/11/24 23:00:00,Annual,Total,Million euro,France,2017,781301.56,
ESTAT:SPR_EXP_TYPE(1.0),07/11/24 23:00:00,Annual,Total,Million euro,France,2018,796576.41,
ESTAT:SPR_EXP_TYPE(1.0),07/11/24 23:00:00,Annual,Total,Million euro,France,2019,814399.43,
ESTAT:SPR_EXP_TYPE(1.0),07/11/24 23:00:00,Annual,Total,Million euro,France,2020,880972.77,
ESTAT:SPR_EXP_TYPE(1.0),07/11/24 23:00:00,Annual,Total,Million euro,France,2021,896046.26,p
ESTAT:SPR_EXP_TYPE(1.0),07/11/24 23:00:00,Annual,Total,Million euro,France,2022,902239.33,p
ESTAT:SPR_EXP_TYPE(1.0),07/11/24 23:00:00,Annual,Total,Million euro,Croatia,2013,9350.86,
ESTAT:SPR_EXP_TYPE(1.0),07/11/24 23:00:00,Annual,Total,Million euro,Croatia,2014,9476.08,
ESTAT:SPR_EXP_TYPE(1.0),07/11/24 23:00:00,Annual,Total,Million euro,Croatia,2015,9729.13,
ESTAT:SPR_EXP_TYPE(1.0),07/11/24 23:00:00,Annual,Total,Million euro,Croatia,2016,10195.12,
ESTAT:SPR_EXP_TYPE(1.0),07/11/24 23:00:00,Annual,Total,Million euro,Croatia,2017,10603.97,
ESTAT:SPR_EXP_TYPE(1.0),07/11/24 23:00:00,Annual,Total,Million euro,Croatia,2018,11211.59,
ESTAT:SPR_EXP_TYPE(1.0),07/11/24 23:00:00,Annual,Total,Million euro,Croatia,2019,11796.82,
ESTAT:SPR_EXP_TYPE(1.0),07/11/24 23:00:00,Annual,Total,Million euro,Croatia,2020,12140.13,
ESTAT:SPR_EXP_TYPE(1.0),07/11/24 23:00:00,Annual,Total,Million euro,Croatia,2021,13091.52,
ESTAT:SPR_EXP_TYPE(1.0),07/11/24 23:00:00,Annual,Total,Million euro,Croatia,2022,14133.97,
ESTAT:SPR_EXP_TYPE(1.0),07/11/24 23:00:00,Annual,Total,Million euro,Hungary,2013,21153.96,
ESTAT:SPR_EXP_TYPE(1.0),07/11/24 23:00:00,Annual,Total,Million euro,Hungary,2014,20926.86,
ESTAT:SPR_EXP_TYPE(1.0),07/11/24 23:00:00,Annual,Total,Million euro,Hungary,2015,21388.8,b
ESTAT:SPR_EXP_TYPE(1.0),07/11/24 23:00:00,Annual,Total,Million euro,Hungary,2016,21843.65,
ESTAT:SPR_EXP_TYPE(1.0),07/11/24 23:00:00,Annual,Total,Million euro,Hungary,2017,23099.24,
ESTAT:SPR_EXP_TYPE(1.0),07/11/24 23:00:00,Annual,Total,Million euro,Hungary,2018,23934.2,
ESTAT:SPR_EXP_TYPE(1.0),07/11/24 23:00:00,Annual,Total,Million euro,Hungary,2019,24339.41,
ESTAT:SPR_EXP_TYPE(1.0),07/11/24 23:00:00,Annual,Total,Million euro,Hungary,2020,25234.24,
ESTAT:SPR_EXP_TYPE(1.0),07/11/24 23:00:00,Annual,Total,Million euro,Hungary,2021,27336.73,
ESTAT:SPR_EXP_TYPE(1.0),07/11/24 23:00:00,Annual,Total,Million euro,Hungary,2022,28185.67,
ESTAT:SPR_EXP_TYPE(1.0),07/11/24 23:00:00,Annual,Total,Million euro,Ireland,2013,41170.69,
ESTAT:SPR_EXP_TYPE(1.0),07/11/24 23:00:00,Annual,Total,Million euro,Ireland,2014,41507.65,
ESTAT:SPR_EXP_TYPE(1.0),07/11/24 23:00:00,Annual,Total,Million euro,Ireland,2015,42454.83,
ESTAT:SPR_EXP_TYPE(1.0),07/11/24 23:00:00,Annual,Total,Million euro,Ireland,2016,43225.96,
ESTAT:SPR_EXP_TYPE(1.0),07/11/24 23:00:00,Annual,Total,Million euro,Ireland,2017,44859.1,
ESTAT:SPR_EXP_TYPE(1.0),07/11/24 23:00:00,Annual,Total,Million euro,Ireland,2018,46212.49,
ESTAT:SPR_EXP_TYPE(1.0),07/11/24 23:00:00,Annual,Total,Million euro,Ireland,2019,48627.92,
ESTAT:SPR_EXP_TYPE(1.0),07/11/24 23:00:00,Annual,Total,Million euro,Ireland,2020,57348.35,
ESTAT:SPR_EXP_TYPE(1.0),07/11/24 23:00:00,Annual,Total,Million euro,Ireland,2021,59051.97,
ESTAT:SPR_EXP_TYPE(1.0),07/11/24 23:00:00,Annual,Total,Million euro,Ireland,2022,59466.43,
ESTAT:SPR_EXP_TYPE(1.0),07/11/24 23:00:00,Annual,Total,Million euro,Iceland,2013,2728.12,
ESTAT:SPR_EXP_TYPE(1.0),07/11/24 23:00:00,Annual,Total,Million euro,Iceland,2014,3092.9,
ESTAT:SPR_EXP_TYPE(1.0),07/11/24 23:00:00,Annual,Total,Million euro,Iceland,2015,3486.5,
ESTAT:SPR_EXP_TYPE(1.0),07/11/24 23:00:00,Annual,Total,Million euro,Iceland,2016,4160.66,
ESTAT:SPR_EXP_TYPE(1.0),07/11/24 23:00:00,Annual,Total,Million euro,Iceland,2017,5126.95,
ESTAT:SPR_EXP_TYPE(1.0),07/11/24 23:00:00,Annual,Total,Million euro,Iceland,2018,5329.81,
ESTAT:SPR_EXP_TYPE(1.0),07/11/24 23:00:00,Annual,Total,Million euro,Iceland,2019,5521.92,
ESTAT:SPR_EXP_TYPE(1.0),07/11/24 23:00:00,Annual,Total,Million euro,Iceland,2020,5777.87,
ESTAT:SPR_EXP_TYPE(1.0),07/11/24 23:00:00,Annual,Total,Million euro,Iceland,2021,6396.76,
ESTAT:SPR_EXP_TYPE(1.0),07/11/24 23:00:00,Annual,Total,Million euro,Iceland,2022,7071.2,
ESTAT:SPR_EXP_TYPE(1.0),07/11/24 23:00:00,Annual,Total,Million euro,Italy,2013,474805,
ESTAT:SPR_EXP_TYPE(1.0),07/11/24 23:00:00,Annual,Total,Million euro,Italy,2014,482387,
ESTAT:SPR_EXP_TYPE(1.0),07/11/24 23:00:00,Annual,Total,Million euro,Italy,2015,491393,
ESTAT:SPR_EXP_TYPE(1.0),07/11/24 23:00:00,Annual,Total,Million euro,Italy,2016,494542,
ESTAT:SPR_EXP_TYPE(1.0),07/11/24 23:00:00,Annual,Total,Million euro,Italy,2017,501131,
ESTAT:SPR_EXP_TYPE(1.0),07/11/24 23:00:00,Annual,Total,Million euro,Italy,2018,511001,
ESTAT:SPR_EXP_TYPE(1.0),07/11/24 23:00:00,Annual,Total,Million euro,Italy,2019,524872,p
ESTAT:SPR_EXP_TYPE(1.0),07/11/24 23:00:00,Annual,Total,Million euro,Italy,2020,570610,p
ESTAT:SPR_EXP_TYPE(1.0),07/11/24 23:00:00,Annual,Total,Million euro,Italy,2021,578977,p
ESTAT:SPR_EXP_TYPE(1.0),07/11/24 23:00:00,Annual,Total,Million euro,Italy,2022,594504,p
ESTAT:SPR_EXP_TYPE(1.0),07/11/24 23:00:00,Annual,Total,Million euro,Lithuania,2013,5384.54,
ESTAT:SPR_EXP_TYPE(1.0),07/11/24 23:00:00,Annual,Total,Million euro,Lithuania,2014,5609.41,
ESTAT:SPR_EXP_TYPE(1.0),07/11/24 23:00:00,Annual,Total,Million euro,Lithuania,2015,5849.97,
ESTAT:SPR_EXP_TYPE(1.0),07/11/24 23:00:00,Annual,Total,Million euro,Lithuania,2016,5980.59,
ESTAT:SPR_EXP_TYPE(1.0),07/11/24 23:00:00,Annual,Total,Million euro,Lithuania,2017,6373.77,
ESTAT:SPR_EXP_TYPE(1.0),07/11/24 23:00:00,Annual,Total,Million euro,Lithuania,2018,7209.32,
ESTAT:SPR_EXP_TYPE(1.0),07/11/24 23:00:00,Annual,Total,Million euro,Lithuania,2019,8055.03,
ESTAT:SPR_EXP_TYPE(1.0),07/11/24 23:00:00,Annual,Total,Million euro,Lithuania,2020,9705.15,p
ESTAT:SPR_EXP_TYPE(1.0),07/11/24 23:00:00,Annual,Total,Million euro,Lithuania,2021,10432.43,p
ESTAT:SPR_EXP_TYPE(1.0),07/11/24 23:00:00,Annual,Total,Million euro,Lithuania,2022,11190.01,
ESTAT:SPR_EXP_TYPE(1.0),07/11/24 23:00:00,Annual,Total,Million euro,Luxembourg,2013,10488.25,
ESTAT:SPR_EXP_TYPE(1.0),07/11/24 23:00:00,Annual,Total,Million euro,Luxembourg,2014,10937.55,
ESTAT:SPR_EXP_TYPE(1.0),07/11/24 23:00:00,Annual,Total,Million euro,Luxembourg,2015,11193.56,
ESTAT:SPR_EXP_TYPE(1.0),07/11/24 23:00:00,Annual,Total,Million euro,Luxembourg,2016,11428.55,
ESTAT:SPR_EXP_TYPE(1.0),07/11/24 23:00:00,Annual,Total,Million euro,Luxembourg,2017,12204.87,
ESTAT:SPR_EXP_TYPE(1.0),07/11/24 23:00:00,Annual,Total,Million euro,Luxembourg,2018,12872.14,
ESTAT:SPR_EXP_TYPE(1.0),07/11/24 23:00:00,Annual,Total,Million euro,Luxembourg,2019,13573.26,
ESTAT:SPR_EXP_TYPE(1.0),07/11/24 23:00:00,Annual,Total,Million euro,Luxembourg,2020,15648.97,
ESTAT:SPR_EXP_TYPE(1.0),07/11/24 23:00:00,Annual,Total,Million euro,Luxembourg,2021,15841.96,
ESTAT:SPR_EXP_TYPE(1.0),07/11/24 23:00:00,Annual,Total,Million euro,Luxembourg,2022,17017.13,
ESTAT:SPR_EXP_TYPE(1.0),07/11/24 23:00:00,Annual,Total,Million euro,Latvia,2013,3329,
ESTAT:SPR_EXP_TYPE(1.0),07/11/24 23:00:00,Annual,Total,Million euro,Latvia,2014,3413.4,
ESTAT:SPR_EXP_TYPE(1.0),07/11/24 23:00:00,Annual,Total,Million euro,Latvia,2015,3634.15,
ESTAT:SPR_EXP_TYPE(1.0),07/11/24 23:00:00,Annual,Total,Million euro,Latvia,2016,3788.48,
ESTAT:SPR_EXP_TYPE(1.0),07/11/24 23:00:00,Annual,Total,Million euro,Latvia,2017,3974.63,
ESTAT:SPR_EXP_TYPE(1.0),07/11/24 23:00:00,Annual,Total,Million euro,Latvia,2018,4434.57,
ESTAT:SPR_EXP_TYPE(1.0),07/11/24 23:00:00,Annual,Total,Million euro,Latvia,2019,4774.45,p
ESTAT:SPR_EXP_TYPE(1.0),07/11/24 23:00:00,Annual,Total,Million euro,Latvia,2020,5256.9,p
ESTAT:SPR_EXP_TYPE(1.0),07/11/24 23:00:00,Annual,Total,Million euro,Latvia,2021,6446.01,p
ESTAT:SPR_EXP_TYPE(1.0),07/11/24 23:00:00,Annual,Total,Million euro,Latvia,2022,6806.77,
ESTAT:SPR_EXP_TYPE(1.0),07/11/24 23:00:00,Annual,Total,Million euro,Montenegro,2016,739.34,
ESTAT:SPR_EXP_TYPE(1.0),07/11/24 23:00:00,Annual,Total,Million euro,Montenegro,2017,762.22,
ESTAT:SPR_EXP_TYPE(1.0),07/11/24 23:00:00,Annual,Total,Million euro,Montenegro,2018,777.02,
ESTAT:SPR_EXP_TYPE(1.0),07/11/24 23:00:00,Annual,Total,Million euro,Montenegro,2019,815.96,
ESTAT:SPR_EXP_TYPE(1.0),07/11/24 23:00:00,Annual,Total,Million euro,Montenegro,2020,948.15,
ESTAT:SPR_EXP_TYPE(1.0),07/11/24 23:00:00,Annual,Total,Million euro,Montenegro,2021,948.96,p
ESTAT:SPR_EXP_TYPE(1.0),07/11/24 23:00:00,Annual,Total,Million euro,Montenegro,2022,1103.89,p
ESTAT:SPR_EXP_TYPE(1.0),07/11/24 23:00:00,Annual,Total,Million euro,North Macedonia,2015,1295.01,
ESTAT:SPR_EXP_TYPE(1.0),07/11/24 23:00:00,Annual,Total,Million euro,North Macedonia,2016,1366.45,
ESTAT:SPR_EXP_TYPE(1.0),07/11/24 23:00:00,Annual,Total,Million euro,North Macedonia,2017,1455.18,
ESTAT:SPR_EXP_TYPE(1.0),07/11/24 23:00:00,Annual,Total,Million euro,Malta,2013,1455.53,
ESTAT:SPR_EXP_TYPE(1.0),07/11/24 23:00:00,Annual,Total,Million euro,Malta,2014,1559.65,
ESTAT:SPR_EXP_TYPE(1.0),07/11/24 23:00:00,Annual,Total,Million euro,Malta,2015,1638.75,
ESTAT:SPR_EXP_TYPE(1.0),07/11/24 23:00:00,Annual,Total,Million euro,Malta,2016,1731.06,
ESTAT:SPR_EXP_TYPE(1.0),07/11/24 23:00:00,Annual,Total,Million euro,Malta,2017,1831.72,
ESTAT:SPR_EXP_TYPE(1.0),07/11/24 23:00:00,Annual,Total,Million euro,Malta,2018,1921.11,
ESTAT:SPR_EXP_TYPE(1.0),07/11/24 23:00:00,Annual,Total,Million euro,Malta,2019,2073.52,
ESTAT:SPR_EXP_TYPE(1.0),07/11/24 23:00:00,Annual,Total,Million euro,Malta,2020,2624.23,
ESTAT:SPR_EXP_TYPE(1.0),07/11/24 23:00:00,Annual,Total,Million euro,Malta,2021,2746.85,
ESTAT:SPR_EXP_TYPE(1.0),07/11/24 23:00:00,Annual,Total,Million euro,Malta,2022,2591.69,
ESTAT:SPR_EXP_TYPE(1.0),07/11/24 23:00:00,Annual,Total,Million euro,Netherlands,2013,208270,
ESTAT:SPR_EXP_TYPE(1.0),07/11/24 23:00:00,Annual,Total,Million euro,Netherlands,2014,210072,
ESTAT:SPR_EXP_TYPE(1.0),07/11/24 23:00:00,Annual,Total,Million euro,Netherlands,2015,209196,
ESTAT:SPR_EXP_TYPE(1.0),07/11/24 23:00:00,Annual,Total,Million euro,Netherlands,2016,211721,
ESTAT:SPR_EXP_TYPE(1.0),07/11/24 23:00:00,Annual,Total,Million euro,Netherlands,2017,216390,
ESTAT:SPR_EXP_TYPE(1.0),07/11/24 23:00:00,Annual,Total,Million euro,Netherlands,2018,223400,
ESTAT:SPR_EXP_TYPE(1.0),07/11/24 23:00:00,Annual,Total,Million euro,Netherlands,2019,233884,
ESTAT:SPR_EXP_TYPE(1.0),07/11/24 23:00:00,Annual,Total,Million euro,Netherlands,2020,261159,
ESTAT:SPR_EXP_TYPE(1.0),07/11/24 23:00:00,Annual,Total,Million euro,Netherlands,2021,268420,
ESTAT:SPR_EXP_TYPE(1.0),07/11/24 23:00:00,Annual,Total,Million euro,Netherlands,2022,269484,
ESTAT:SPR_EXP_TYPE(1.0),07/11/24 23:00:00,Annual,Total,Million euro,Norway,2013,96494.95,
ESTAT:SPR_EXP_TYPE(1.0),07/11/24 23:00:00,Annual,Total,Million euro,Norway,2014,95534,
ESTAT:SPR_EXP_TYPE(1.0),07/11/24 23:00:00,Annual,Total,Million euro,Norway,2015,94680.88,
ESTAT:SPR_EXP_TYPE(1.0),07/11/24 23:00:00,Annual,Total,Million euro,Norway,2016,95180.11,
ESTAT:SPR_EXP_TYPE(1.0),07/11/24 23:00:00,Annual,Total,Million euro,Norway,2017,98336.58,
ESTAT:SPR_EXP_TYPE(1.0),07/11/24 23:00:00,Annual,Total,Million euro,Norway,2018,98865.95,
ESTAT:SPR_EXP_TYPE(1.0),07/11/24 23:00:00,Annual,Total,Million euro,Norway,2019,100728.93,
ESTAT:SPR_EXP_TYPE(1.0),07/11/24 23:00:00,Annual,Total,Million euro,Norway,2020,99149.46,
ESTAT:SPR_EXP_TYPE(1.0),07/11/24 23:00:00,Annual,Total,Million euro,Norway,2021,110171.5,
ESTAT:SPR_EXP_TYPE(1.0),07/11/24 23:00:00,Annual,Total,Million euro,Norway,2022,116060.46,
ESTAT:SPR_EXP_TYPE(1.0),07/11/24 23:00:00,Annual,Total,Million euro,Poland,2013,77234.06,
ESTAT:SPR_EXP_TYPE(1.0),07/11/24 23:00:00,Annual,Total,Million euro,Poland,2014,79354.72,
ESTAT:SPR_EXP_TYPE(1.0),07/11/24 23:00:00,Annual,Total,Million euro,Poland,2015,83459.07,
ESTAT:SPR_EXP_TYPE(1.0),07/11/24 23:00:00,Annual,Total,Million euro,Poland,2016,89595.82,
ESTAT:SPR_EXP_TYPE(1.0),07/11/24 23:00:00,Annual,Total,Million euro,Poland,2017,94631.03,
ESTAT:SPR_EXP_TYPE(1.0),07/11/24 23:00:00,Annual,Total,Million euro,Poland,2018,98142.16,
ESTAT:SPR_EXP_TYPE(1.0),07/11/24 23:00:00,Annual,Total,Million euro,Poland,2019,112842.39,
ESTAT:SPR_EXP_TYPE(1.0),07/11/24 23:00:00,Annual,Total,Million euro,Poland,2020,124442.12,
ESTAT:SPR_EXP_TYPE(1.0),07/11/24 23:00:00,Annual,Total,Million euro,Poland,2021,131808.95,
ESTAT:SPR_EXP_TYPE(1.0),07/11/24 23:00:00,Annual,Total,Million euro,Poland,2022,138600.55,
ESTAT:SPR_EXP_TYPE(1.0),07/11/24 23:00:00,Annual,Total,Million euro,Portugal,2013,47017.63,
ESTAT:SPR_EXP_TYPE(1.0),07/11/24 23:00:00,Annual,Total,Million euro,Portugal,2014,46492.1,
ESTAT:SPR_EXP_TYPE(1.0),07/11/24 23:00:00,Annual,Total,Million euro,Portugal,2015,46199.52,
ESTAT:SPR_EXP_TYPE(1.0),07/11/24 23:00:00,Annual,Total,Million euro,Portugal,2016,46788.98,
ESTAT:SPR_EXP_TYPE(1.0),07/11/24 23:00:00,Annual,Total,Million euro,Portugal,2017,48252.38,
ESTAT:SPR_EXP_TYPE(1.0),07/11/24 23:00:00,Annual,Total,Million euro,Portugal,2018,49256.05,
ESTAT:SPR_EXP_TYPE(1.0),07/11/24 23:00:00,Annual,Total,Million euro,Portugal,2019,51453.09,
ESTAT:SPR_EXP_TYPE(1.0),07/11/24 23:00:00,Annual,Total,Million euro,Portugal,2020,55137.41,
ESTAT:SPR_EXP_TYPE(1.0),07/11/24 23:00:00,Annual,Total,Million euro,Portugal,2021,57973.58,
ESTAT:SPR_EXP_TYPE(1.0),07/11/24 23:00:00,Annual,Total,Million euro,Portugal,2022,60184.69,
ESTAT:SPR_EXP_TYPE(1.0),07/11/24 23:00:00,Annual,Total,Million euro,Romania,2013,21455.59,
ESTAT:SPR_EXP_TYPE(1.0),07/11/24 23:00:00,Annual,Total,Million euro,Romania,2014,22185.2,
ESTAT:SPR_EXP_TYPE(1.0),07/11/24 23:00:00,Annual,Total,Million euro,Romania,2015,23369.51,
ESTAT:SPR_EXP_TYPE(1.0),07/11/24 23:00:00,Annual,Total,Million euro,Romania,2016,24902.38,
ESTAT:SPR_EXP_TYPE(1.0),07/11/24 23:00:00,Annual,Total,Million euro,Romania,2017,27742.23,
ESTAT:SPR_EXP_TYPE(1.0),07/11/24 23:00:00,Annual,Total,Million euro,Romania,2018,30706.1,
ESTAT:SPR_EXP_TYPE(1.0),07/11/24 23:00:00,Annual,Total,Million euro,Romania,2019,34129.54,
ESTAT:SPR_EXP_TYPE(1.0),07/11/24 23:00:00,Annual,Total,Million euro,Romania,2020,39058.83,
ESTAT:SPR_EXP_TYPE(1.0),07/11/24 23:00:00,Annual,Total,Million euro,Romania,2021,40201.74,
ESTAT:SPR_EXP_TYPE(1.0),07/11/24 23:00:00,Annual,Total,Million euro,Romania,2022,46478.54,
ESTAT:SPR_EXP_TYPE(1.0),07/11/24 23:00:00,Annual,Total,Million euro,Serbia,2013,7974.73,
ESTAT:SPR_EXP_TYPE(1.0),07/11/24 23:00:00,Annual,Total,Million euro,Serbia,2014,7807.11,
ESTAT:SPR_EXP_TYPE(1.0),07/11/24 23:00:00,Annual,Total,Million euro,Serbia,2015,7385.86,
ESTAT:SPR_EXP_TYPE(1.0),07/11/24 23:00:00,Annual,Total,Million euro,Serbia,2016,7457.51,
ESTAT:SPR_EXP_TYPE(1.0),07/11/24 23:00:00,Annual,Total,Million euro,Serbia,2017,7629.25,
ESTAT:SPR_EXP_TYPE(1.0),07/11/24 23:00:00,Annual,Total,Million euro,Serbia,2018,8329.13,
ESTAT:SPR_EXP_TYPE(1.0),07/11/24 23:00:00,Annual,Total,Million euro,Serbia,2019,8967.6,
ESTAT:SPR_EXP_TYPE(1.0),07/11/24 23:00:00,Annual,Total,Million euro,Serbia,2020,10259.89,
ESTAT:SPR_EXP_TYPE(1.0),07/11/24 23:00:00,Annual,Total,Million euro,Serbia,2021,10772.48,
ESTAT:SPR_EXP_TYPE(1.0),07/11/24 23:00:00,Annual,Total,Million euro,Serbia,2022,11770.41,
ESTAT:SPR_EXP_TYPE(1.0),07/11/24 23:00:00,Annual,Total,Million euro,Sweden,2013,131742.47,
ESTAT:SPR_EXP_TYPE(1.0),07/11/24 23:00:00,Annual,Total,Million euro,Sweden,2014,128740.67,
ESTAT:SPR_EXP_TYPE(1.0),07/11/24 23:00:00,Annual,Total,Million euro,Sweden,2015,131829.8,
ESTAT:SPR_EXP_TYPE(1.0),07/11/24 23:00:00,Annual,Total,Million euro,Sweden,2016,137067.98,
ESTAT:SPR_EXP_TYPE(1.0),07/11/24 23:00:00,Annual,Total,Million euro,Sweden,2017,137873.61,
ESTAT:SPR_EXP_TYPE(1.0),07/11/24 23:00:00,Annual,Total,Million euro,Sweden,2018,133303.47,
ESTAT:SPR_EXP_TYPE(1.0),07/11/24 23:00:00,Annual,Total,Million euro,Sweden,2019,132408.99,
ESTAT:SPR_EXP_TYPE(1.0),07/11/24 23:00:00,Annual,Total,Million euro,Sweden,2020,141147.47,p
ESTAT:SPR_EXP_TYPE(1.0),07/11/24 23:00:00,Annual,Total,Million euro,Sweden,2021,150582.86,p
ESTAT:SPR_EXP_TYPE(1.0),07/11/24 23:00:00,Annual,Total,Million euro,Sweden,2022,150261.06,p
ESTAT:SPR_EXP_TYPE(1.0),07/11/24 23:00:00,Annual,Total,Million euro,Slovenia,2013,8958.98,
ESTAT:SPR_EXP_TYPE(1.0),07/11/24 23:00:00,Annual,Total,Million euro,Slovenia,2014,8991.15,
ESTAT:SPR_EXP_TYPE(1.0),07/11/24 23:00:00,Annual,Total,Million euro,Slovenia,2015,9228.92,
ESTAT:SPR_EXP_TYPE(1.0),07/11/24 23:00:00,Annual,Total,Million euro,Slovenia,2016,9398.26,
ESTAT:SPR_EXP_TYPE(1.0),07/11/24 23:00:00,Annual,Total,Million euro,Slovenia,2017,9727.84,
ESTAT:SPR_EXP_TYPE(1.0),07/11/24 23:00:00,Annual,Total,Million euro,Slovenia,2018,10184.67,
ESTAT:SPR_EXP_TYPE(1.0),07/11/24 23:00:00,Annual,Total,Million euro,Slovenia,2019,10801.95,
ESTAT:SPR_EXP_TYPE(1.0),07/11/24 23:00:00,Annual,Total,Million euro,Slovenia,2020,12331.64,p
ESTAT:SPR_EXP_TYPE(1.0),07/11/24 23:00:00,Annual,Total,Million euro,Slovenia,2021,13131.45,p
ESTAT:SPR_EXP_TYPE(1.0),07/11/24 23:00:00,Annual,Total,Million euro,Slovenia,2022,13801.18,
ESTAT:SPR_EXP_TYPE(1.0),07/11/24 23:00:00,Annual,Total,Million euro,Slovakia,2013,13569.91,
ESTAT:SPR_EXP_TYPE(1.0),07/11/24 23:00:00,Annual,Total,Million euro,Slovakia,2014,14056.72,
ESTAT:SPR_EXP_TYPE(1.0),07/11/24 23:00:00,Annual,Total,Million euro,Slovakia,2015,14369.99,
ESTAT:SPR_EXP_TYPE(1.0),07/11/24 23:00:00,Annual,Total,Million euro,Slovakia,2016,14901.12,
ESTAT:SPR_EXP_TYPE(1.0),07/11/24 23:00:00,Annual,Total,Million euro,Slovakia,2017,15387.08,
ESTAT:SPR_EXP_TYPE(1.0),07/11/24 23:00:00,Annual,Total,Million euro,Slovakia,2018,16083.78,
ESTAT:SPR_EXP_TYPE(1.0),07/11/24 23:00:00,Annual,Total,Million euro,Slovakia,2019,16843.4,
ESTAT:SPR_EXP_TYPE(1.0),07/11/24 23:00:00,Annual,Total,Million euro,Slovakia,2020,18299.07,
ESTAT:SPR_EXP_TYPE(1.0),07/11/24 23:00:00,Annual,Total,Million euro,Slovakia,2021,19407.26,
ESTAT:SPR_EXP_TYPE(1.0),07/11/24 23:00:00,Annual,Total,Million euro,Slovakia,2022,20008.64,
ESTAT:SPR_EXP_TYPE(1.0),07/11/24 23:00:00,Annual,Total,Million euro,Türkiye,2013,87005.55,
ESTAT:SPR_EXP_TYPE(1.0),07/11/24 23:00:00,Annual,Total,Million euro,Türkiye,2014,85065.93,
ESTAT:SPR_EXP_TYPE(1.0),07/11/24 23:00:00,Annual,Total,Million euro,Türkiye,2015,92571.25,
ESTAT:SPR_EXP_TYPE(1.0),07/11/24 23:00:00,Annual,Total,Million euro,Türkiye,2016,100655.1,
ESTAT:SPR_EXP_TYPE(1.0),07/11/24 23:00:00,Annual,Total,Million euro,Türkiye,2017,92866.22,
ESTAT:SPR_EXP_TYPE(1.0),07/11/24 23:00:00,Annual,Total,Million euro,Türkiye,2018,78617.82,
ESTAT:SPR_EXP_TYPE(1.0),07/11/24 23:00:00,Annual,Total,Million euro,Türkiye,2019,85281.28,
ESTAT:SPR_EXP_TYPE(1.0),07/11/24 23:00:00,Annual,Total,Million euro,Türkiye,2020,81351.37,
ESTAT:SPR_EXP_TYPE(1.0),07/11/24 23:00:00,Annual,Total,Million euro,Türkiye,2021,74977.31,
ESTAT:SPR_EXP_TYPE(1.0),07/11/24 23:00:00,Annual,Total,Million euro,Türkiye,2022,74162.34,
ESTAT:SPR_EXP_TYPE(1.0),07/11/24 23:00:00,Annual,Total,Million euro,United Kingdom,2013,587179.57,
ESTAT:SPR_EXP_TYPE(1.0),07/11/24 23:00:00,Annual,Total,Million euro,United Kingdom,2014,628517.75,
ESTAT:SPR_EXP_TYPE(1.0),07/11/24 23:00:00,Annual,Total,Million euro,United Kingdom,2015,721811.01,
ESTAT:SPR_EXP_TYPE(1.0),07/11/24 23:00:00,Annual,Total,Million euro,United Kingdom,2016,629346.75,
ESTAT:SPR_EXP_TYPE(1.0),07/11/24 23:00:00,Annual,Total,Million euro,United Kingdom,2017,620630.71,
ESTAT:SPR_EXP_TYPE(1.0),07/11/24 23:00:00,Annual,Total,Million euro,United Kingdom,2018,622076.21,p
