DATAFLOW,LAST UPDATE,freq,wstatus,unit,age,sex,geo,TIME_PERIOD,OBS_VALUE,OBS_FLAG
ESTAT:TESOV110(1.0),06/12/24 23:00:00,Annual,Employed persons,Percentage,18 years or over,Total,Albania,2017,17.9,
ESTAT:TESOV110(1.0),06/12/24 23:00:00,Annual,Employed persons,Percentage,18 years or over,Total,Albania,2018,16.5,
ESTAT:TESOV110(1.0),06/12/24 23:00:00,Annual,Employed persons,Percentage,18 years or over,Total,Albania,2019,14.6,
ESTAT:TESOV110(1.0),06/12/24 23:00:00,Annual,Employed persons,Percentage,18 years or over,Total,Albania,2020,12.7,
ESTAT:TESOV110(1.0),06/12/24 23:00:00,Annual,Employed persons,Percentage,18 years or over,Total,Albania,2021,12.6,
ESTAT:TESOV110(1.0),06/12/24 23:00:00,Annual,Employed persons,Percentage,18 years or over,Total,Austria,2005,6.8,
ESTAT:TESOV110(1.0),06/12/24 23:00:00,Annual,Employed persons,Percentage,18 years or over,Total,Austria,2006,6.4,
ESTAT:TESOV110(1.0),06/12/24 23:00:00,Annual,Employed persons,Percentage,18 years or over,Total,Austria,2007,6.1,
ESTAT:TESOV110(1.0),06/12/24 23:00:00,Annual,Employed persons,Percentage,18 years or over,Total,Austria,2008,8.5,b
ESTAT:TESOV110(1.0),06/12/24 23:00:00,Annual,Employed persons,Percentage,18 years or over,Total,Austria,2009,8.2,
ESTAT:TESOV110(1.0),06/12/24 23:00:00,Annual,Employed persons,Percentage,18 years or over,Total,Austria,2010,7.5,
ESTAT:TESOV110(1.0),06/12/24 23:00:00,Annual,Employed persons,Percentage,18 years or over,Total,Austria,2011,7.6,
ESTAT:TESOV110(1.0),06/12/24 23:00:00,Annual,Employed persons,Percentage,18 years or over,Total,Austria,2012,8.1,
ESTAT:TESOV110(1.0),06/12/24 23:00:00,Annual,Employed persons,Percentage,18 years or over,Total,Austria,2013,7.9,
ESTAT:TESOV110(1.0),06/12/24 23:00:00,Annual,Employed persons,Percentage,18 years or over,Total,Austria,2014,7.2,
ESTAT:TESOV110(1.0),06/12/24 23:00:00,Annual,Employed persons,Percentage,18 years or over,Total,Austria,2015,7.9,
ESTAT:TESOV110(1.0),06/12/24 23:00:00,Annual,Employed persons,Percentage,18 years or over,Total,Austria,2016,8.3,
ESTAT:TESOV110(1.0),06/12/24 23:00:00,Annual,Employed persons,Percentage,18 years or over,Total,Austria,2017,7.7,
ESTAT:TESOV110(1.0),06/12/24 23:00:00,Annual,Employed persons,Percentage,18 years or over,Total,Austria,2018,8.0,
ESTAT:TESOV110(1.0),06/12/24 23:00:00,Annual,Employed persons,Percentage,18 years or over,Total,Austria,2019,7.6,
ESTAT:TESOV110(1.0),06/12/24 23:00:00,Annual,Employed persons,Percentage,18 years or over,Total,Austria,2020,7.2,
ESTAT:TESOV110(1.0),06/12/24 23:00:00,Annual,Employed persons,Percentage,18 years or over,Total,Austria,2021,7.5,
ESTAT:TESOV110(1.0),06/12/24 23:00:00,Annual,Employed persons,Percentage,18 years or over,Total,Austria,2022,8.2,
ESTAT:TESOV110(1.0),06/12/24 23:00:00,Annual,Employed persons,Percentage,18 years or over,Total,Austria,2023,7.6,
ESTAT:TESOV110(1.0),06/12/24 23:00:00,Annual,Employed persons,Percentage,18 years or over,Total,Belgium,2005,3.9,
ESTAT:TESOV110(1.0),06/12/24 23:00:00,Annual,Employed persons,Percentage,18 years or over,Total,Belgium,2006,4.1,
ESTAT:TESOV110(1.0),06/12/24 23:00:00,Annual,Employed persons,Percentage,18 years or over,Total,Belgium,2007,4.3,
ESTAT:TESOV110(1.0),06/12/24 23:00:00,Annual,Employed persons,Percentage,18 years or over,Total,Belgium,2008,4.8,
ESTAT:TESOV110(1.0),06/12/24 23:00:00,Annual,Employed persons,Percentage,18 years or over,Total,Belgium,2009,4.6,
ESTAT:TESOV110(1.0),06/12/24 23:00:00,Annual,Employed persons,Percentage,18 years or over,Total,Belgium,2010,4.5,
ESTAT:TESOV110(1.0),06/12/24 23:00:00,Annual,Employed persons,Percentage,18 years or over,Total,Belgium,2011,4.2,
ESTAT:TESOV110(1.0),06/12/24 23:00:00,Annual,Employed persons,Percentage,18 years or over,Total,Belgium,2012,4.5,
ESTAT:TESOV110(1.0),06/12/24 23:00:00,Annual,Employed persons,Percentage,18 years or over,Total,Belgium,2013,4.4,
ESTAT:TESOV110(1.0),06/12/24 23:00:00,Annual,Employed persons,Percentage,18 years or over,Total,Belgium,2014,4.8,
ESTAT:TESOV110(1.0),06/12/24 23:00:00,Annual,Employed persons,Percentage,18 years or over,Total,Belgium,2015,4.6,
ESTAT:TESOV110(1.0),06/12/24 23:00:00,Annual,Employed persons,Percentage,18 years or over,Total,Belgium,2016,4.8,
ESTAT:TESOV110(1.0),06/12/24 23:00:00,Annual,Employed persons,Percentage,18 years or over,Total,Belgium,2017,5.0,
ESTAT:TESOV110(1.0),06/12/24 23:00:00,Annual,Employed persons,Percentage,18 years or over,Total,Belgium,2018,5.1,
ESTAT:TESOV110(1.0),06/12/24 23:00:00,Annual,Employed persons,Percentage,18 years or over,Total,Belgium,2019,4.8,b
ESTAT:TESOV110(1.0),06/12/24 23:00:00,Annual,Employed persons,Percentage,18 years or over,Total,Belgium,2020,4.2,
ESTAT:TESOV110(1.0),06/12/24 23:00:00,Annual,Employed persons,Percentage,18 years or over,Total,Belgium,2021,3.8,
ESTAT:TESOV110(1.0),06/12/24 23:00:00,Annual,Employed persons,Percentage,18 years or over,Total,Belgium,2022,3.6,
ESTAT:TESOV110(1.0),06/12/24 23:00:00,Annual,Employed persons,Percentage,18 years or over,Total,Belgium,2023,4.7,
ESTAT:TESOV110(1.0),06/12/24 23:00:00,Annual,Employed persons,Percentage,18 years or over,Total,Bulgaria,2006,5.4,
ESTAT:TESOV110(1.0),06/12/24 23:00:00,Annual,Employed persons,Percentage,18 years or over,Total,Bulgaria,2007,5.8,
ESTAT:TESOV110(1.0),06/12/24 23:00:00,Annual,Employed persons,Percentage,18 years or over,Total,Bulgaria,2008,7.5,
ESTAT:TESOV110(1.0),06/12/24 23:00:00,Annual,Employed persons,Percentage,18 years or over,Total,Bulgaria,2009,7.4,
ESTAT:TESOV110(1.0),06/12/24 23:00:00,Annual,Employed persons,Percentage,18 years or over,Total,Bulgaria,2010,7.7,
ESTAT:TESOV110(1.0),06/12/24 23:00:00,Annual,Employed persons,Percentage,18 years or over,Total,Bulgaria,2011,8.2,
ESTAT:TESOV110(1.0),06/12/24 23:00:00,Annual,Employed persons,Percentage,18 years or over,Total,Bulgaria,2012,7.4,
ESTAT:TESOV110(1.0),06/12/24 23:00:00,Annual,Employed persons,Percentage,18 years or over,Total,Bulgaria,2013,7.2,
ESTAT:TESOV110(1.0),06/12/24 23:00:00,Annual,Employed persons,Percentage,18 years or over,Total,Bulgaria,2014,9.2,
ESTAT:TESOV110(1.0),06/12/24 23:00:00,Annual,Employed persons,Percentage,18 years or over,Total,Bulgaria,2015,7.7,
ESTAT:TESOV110(1.0),06/12/24 23:00:00,Annual,Employed persons,Percentage,18 years or over,Total,Bulgaria,2016,11.4,
ESTAT:TESOV110(1.0),06/12/24 23:00:00,Annual,Employed persons,Percentage,18 years or over,Total,Bulgaria,2017,9.9,
ESTAT:TESOV110(1.0),06/12/24 23:00:00,Annual,Employed persons,Percentage,18 years or over,Total,Bulgaria,2018,9.9,
ESTAT:TESOV110(1.0),06/12/24 23:00:00,Annual,Employed persons,Percentage,18 years or over,Total,Bulgaria,2019,8.9,
ESTAT:TESOV110(1.0),06/12/24 23:00:00,Annual,Employed persons,Percentage,18 years or over,Total,Bulgaria,2020,9.6,
ESTAT:TESOV110(1.0),06/12/24 23:00:00,Annual,Employed persons,Percentage,18 years or over,Total,Bulgaria,2021,10.0,
ESTAT:TESOV110(1.0),06/12/24 23:00:00,Annual,Employed persons,Percentage,18 years or over,Total,Bulgaria,2022,9.7,
ESTAT:TESOV110(1.0),06/12/24 23:00:00,Annual,Employed persons,Percentage,18 years or over,Total,Bulgaria,2023,11.4,
ESTAT:TESOV110(1.0),06/12/24 23:00:00,Annual,Employed persons,Percentage,18 years or over,Total,Switzerland,2007,7.7,
ESTAT:TESOV110(1.0),06/12/24 23:00:00,Annual,Employed persons,Percentage,18 years or over,Total,Switzerland,2008,9.5,
ESTAT:TESOV110(1.0),06/12/24 23:00:00,Annual,Employed persons,Percentage,18 years or over,Total,Switzerland,2009,8.1,
ESTAT:TESOV110(1.0),06/12/24 23:00:00,Annual,Employed persons,Percentage,18 years or over,Total,Switzerland,2010,7.6,
ESTAT:TESOV110(1.0),06/12/24 23:00:00,Annual,Employed persons,Percentage,18 years or over,Total,Switzerland,2011,7.7,
ESTAT:TESOV110(1.0),06/12/24 23:00:00,Annual,Employed persons,Percentage,18 years or over,Total,Switzerland,2012,8.5,
ESTAT:TESOV110(1.0),06/12/24 23:00:00,Annual,Employed persons,Percentage,18 years or over,Total,Switzerland,2013,7.6,
ESTAT:TESOV110(1.0),06/12/24 23:00:00,Annual,Employed persons,Percentage,18 years or over,Total,Switzerland,2014,6.3,b
ESTAT:TESOV110(1.0),06/12/24 23:00:00,Annual,Employed persons,Percentage,18 years or over,Total,Switzerland,2015,8.2,
ESTAT:TESOV110(1.0),06/12/24 23:00:00,Annual,Employed persons,Percentage,18 years or over,Total,Switzerland,2016,7.3,
ESTAT:TESOV110(1.0),06/12/24 23:00:00,Annual,Employed persons,Percentage,18 years or over,Total,Switzerland,2017,8.2,
ESTAT:TESOV110(1.0),06/12/24 23:00:00,Annual,Employed persons,Percentage,18 years or over,Total,Switzerland,2018,7.3,
ESTAT:TESOV110(1.0),06/12/24 23:00:00,Annual,Employed persons,Percentage,18 years or over,Total,Switzerland,2019,7.7,
ESTAT:TESOV110(1.0),06/12/24 23:00:00,Annual,Employed persons,Percentage,18 years or over,Total,Switzerland,2020,8.0,
ESTAT:TESOV110(1.0),06/12/24 23:00:00,Annual,Employed persons,Percentage,18 years or over,Total,Switzerland,2021,7.3,
ESTAT:TESOV110(1.0),06/12/24 23:00:00,Annual,Employed persons,Percentage,18 years or over,Total,Switzerland,2022,8.2,
ESTAT:TESOV110(1.0),06/12/24 23:00:00,Annual,Employed persons,Percentage,18 years or over,Total,Switzerland,2023,9.0,
ESTAT:TESOV110(1.0),06/12/24 23:00:00,Annual,Employed persons,Percentage,18 years or over,Total,Cyprus,2005,6.5,
ESTAT:TESOV110(1.0),06/12/24 23:00:00,Annual,Employed persons,Percentage,18 years or over,Total,Cyprus,2006,7.2,
ESTAT:TESOV110(1.0),06/12/24 23:00:00,Annual,Employed persons,Percentage,18 years or over,Total,Cyprus,2007,6.3,
ESTAT:TESOV110(1.0),06/12/24 23:00:00,Annual,Employed persons,Percentage,18 years or over,Total,Cyprus,2008,6.3,b
ESTAT:TESOV110(1.0),06/12/24 23:00:00,Annual,Employed persons,Percentage,18 years or over,Total,Cyprus,2009,6.8,
ESTAT:TESOV110(1.0),06/12/24 23:00:00,Annual,Employed persons,Percentage,18 years or over,Total,Cyprus,2010,7.3,
ESTAT:TESOV110(1.0),06/12/24 23:00:00,Annual,Employed persons,Percentage,18 years or over,Total,Cyprus,2011,7.3,
ESTAT:TESOV110(1.0),06/12/24 23:00:00,Annual,Employed persons,Percentage,18 years or over,Total,Cyprus,2012,7.9,
ESTAT:TESOV110(1.0),06/12/24 23:00:00,Annual,Employed persons,Percentage,18 years or over,Total,Cyprus,2013,8.9,
ESTAT:TESOV110(1.0),06/12/24 23:00:00,Annual,Employed persons,Percentage,18 years or over,Total,Cyprus,2014,7.8,
ESTAT:TESOV110(1.0),06/12/24 23:00:00,Annual,Employed persons,Percentage,18 years or over,Total,Cyprus,2015,9.1,
ESTAT:TESOV110(1.0),06/12/24 23:00:00,Annual,Employed persons,Percentage,18 years or over,Total,Cyprus,2016,8.2,
ESTAT:TESOV110(1.0),06/12/24 23:00:00,Annual,Employed persons,Percentage,18 years or over,Total,Cyprus,2017,7.9,
ESTAT:TESOV110(1.0),06/12/24 23:00:00,Annual,Employed persons,Percentage,18 years or over,Total,Cyprus,2018,7.4,
ESTAT:TESOV110(1.0),06/12/24 23:00:00,Annual,Employed persons,Percentage,18 years or over,Total,Cyprus,2019,6.7,
ESTAT:TESOV110(1.0),06/12/24 23:00:00,Annual,Employed persons,Percentage,18 years or over,Total,Cyprus,2020,7.3,
ESTAT:TESOV110(1.0),06/12/24 23:00:00,Annual,Employed persons,Percentage,18 years or over,Total,Cyprus,2021,7.6,
ESTAT:TESOV110(1.0),06/12/24 23:00:00,Annual,Employed persons,Percentage,18 years or over,Total,Cyprus,2022,7.9,
ESTAT:TESOV110(1.0),06/12/24 23:00:00,Annual,Employed persons,Percentage,18 years or over,Total,Cyprus,2023,7.4,
ESTAT:TESOV110(1.0),06/12/24 23:00:00,Annual,Employed persons,Percentage,18 years or over,Total,Czechia,2005,3.5,
ESTAT:TESOV110(1.0),06/12/24 23:00:00,Annual,Employed persons,Percentage,18 years or over,Total,Czechia,2006,3.5,
ESTAT:TESOV110(1.0),06/12/24 23:00:00,Annual,Employed persons,Percentage,18 years or over,Total,Czechia,2007,3.3,
ESTAT:TESOV110(1.0),06/12/24 23:00:00,Annual,Employed persons,Percentage,18 years or over,Total,Czechia,2008,3.6,
ESTAT:TESOV110(1.0),06/12/24 23:00:00,Annual,Employed persons,Percentage,18 years or over,Total,Czechia,2009,3.2,
ESTAT:TESOV110(1.0),06/12/24 23:00:00,Annual,Employed persons,Percentage,18 years or over,Total,Czechia,2010,3.7,
ESTAT:TESOV110(1.0),06/12/24 23:00:00,Annual,Employed persons,Percentage,18 years or over,Total,Czechia,2011,4.0,
ESTAT:TESOV110(1.0),06/12/24 23:00:00,Annual,Employed persons,Percentage,18 years or over,Total,Czechia,2012,4.5,
ESTAT:TESOV110(1.0),06/12/24 23:00:00,Annual,Employed persons,Percentage,18 years or over,Total,Czechia,2013,4.0,
ESTAT:TESOV110(1.0),06/12/24 23:00:00,Annual,Employed persons,Percentage,18 years or over,Total,Czechia,2014,3.6,
ESTAT:TESOV110(1.0),06/12/24 23:00:00,Annual,Employed persons,Percentage,18 years or over,Total,Czechia,2015,4.0,
ESTAT:TESOV110(1.0),06/12/24 23:00:00,Annual,Employed persons,Percentage,18 years or over,Total,Czechia,2016,3.8,
ESTAT:TESOV110(1.0),06/12/24 23:00:00,Annual,Employed persons,Percentage,18 years or over,Total,Czechia,2017,3.5,
ESTAT:TESOV110(1.0),06/12/24 23:00:00,Annual,Employed persons,Percentage,18 years or over,Total,Czechia,2018,3.4,
ESTAT:TESOV110(1.0),06/12/24 23:00:00,Annual,Employed persons,Percentage,18 years or over,Total,Czechia,2019,3.5,
ESTAT:TESOV110(1.0),06/12/24 23:00:00,Annual,Employed persons,Percentage,18 years or over,Total,Czechia,2020,3.7,
ESTAT:TESOV110(1.0),06/12/24 23:00:00,Annual,Employed persons,Percentage,18 years or over,Total,Czechia,2021,3.5,
ESTAT:TESOV110(1.0),06/12/24 23:00:00,Annual,Employed persons,Percentage,18 years or over,Total,Czechia,2022,3.4,
ESTAT:TESOV110(1.0),06/12/24 23:00:00,Annual,Employed persons,Percentage,18 years or over,Total,Czechia,2023,3.1,
ESTAT:TESOV110(1.0),06/12/24 23:00:00,Annual,Employed persons,Percentage,18 years or over,Total,Germany,2005,4.8,
ESTAT:TESOV110(1.0),06/12/24 23:00:00,Annual,Employed persons,Percentage,18 years or over,Total,Germany,2006,5.5,
ESTAT:TESOV110(1.0),06/12/24 23:00:00,Annual,Employed persons,Percentage,18 years or over,Total,Germany,2007,7.4,
ESTAT:TESOV110(1.0),06/12/24 23:00:00,Annual,Employed persons,Percentage,18 years or over,Total,Germany,2008,7.1,
ESTAT:TESOV110(1.0),06/12/24 23:00:00,Annual,Employed persons,Percentage,18 years or over,Total,Germany,2009,6.8,
ESTAT:TESOV110(1.0),06/12/24 23:00:00,Annual,Employed persons,Percentage,18 years or over,Total,Germany,2010,7.2,
ESTAT:TESOV110(1.0),06/12/24 23:00:00,Annual,Employed persons,Percentage,18 years or over,Total,Germany,2011,7.7,
ESTAT:TESOV110(1.0),06/12/24 23:00:00,Annual,Employed persons,Percentage,18 years or over,Total,Germany,2012,7.8,
ESTAT:TESOV110(1.0),06/12/24 23:00:00,Annual,Employed persons,Percentage,18 years or over,Total,Germany,2013,8.6,
ESTAT:TESOV110(1.0),06/12/24 23:00:00,Annual,Employed persons,Percentage,18 years or over,Total,Germany,2014,9.9,
ESTAT:TESOV110(1.0),06/12/24 23:00:00,Annual,Employed persons,Percentage,18 years or over,Total,Germany,2015,9.7,
ESTAT:TESOV110(1.0),06/12/24 23:00:00,Annual,Employed persons,Percentage,18 years or over,Total,Germany,2016,9.5,
ESTAT:TESOV110(1.0),06/12/24 23:00:00,Annual,Employed persons,Percentage,18 years or over,Total,Germany,2017,9.1,
ESTAT:TESOV110(1.0),06/12/24 23:00:00,Annual,Employed persons,Percentage,18 years or over,Total,Germany,2018,9.1,
ESTAT:TESOV110(1.0),06/12/24 23:00:00,Annual,Employed persons,Percentage,18 years or over,Total,Germany,2019,8.0,
ESTAT:TESOV110(1.0),06/12/24 23:00:00,Annual,Employed persons,Percentage,18 years or over,Total,Germany,2020,8.6,b
ESTAT:TESOV110(1.0),06/12/24 23:00:00,Annual,Employed persons,Percentage,18 years or over,Total,Germany,2021,8.7,
ESTAT:TESOV110(1.0),06/12/24 23:00:00,Annual,Employed persons,Percentage,18 years or over,Total,Germany,2022,7.2,
ESTAT:TESOV110(1.0),06/12/24 23:00:00,Annual,Employed persons,Percentage,18 years or over,Total,Germany,2023,6.6,b
ESTAT:TESOV110(1.0),06/12/24 23:00:00,Annual,Employed persons,Percentage,18 years or over,Total,Denmark,2005,4.8,
ESTAT:TESOV110(1.0),06/12/24 23:00:00,Annual,Employed persons,Percentage,18 years or over,Total,Denmark,2006,4.5,
ESTAT:TESOV110(1.0),06/12/24 23:00:00,Annual,Employed persons,Percentage,18 years or over,Total,Denmark,2007,4.1,
ESTAT:TESOV110(1.0),06/12/24 23:00:00,Annual,Employed persons,Percentage,18 years or over,Total,Denmark,2008,5.0,
ESTAT:TESOV110(1.0),06/12/24 23:00:00,Annual,Employed persons,Percentage,18 years or over,Total,Denmark,2009,5.9,
ESTAT:TESOV110(1.0),06/12/24 23:00:00,Annual,Employed persons,Percentage,18 years or over,Total,Denmark,2010,6.5,
ESTAT:TESOV110(1.0),06/12/24 23:00:00,Annual,Employed persons,Percentage,18 years or over,Total,Denmark,2011,6.3,b
ESTAT:TESOV110(1.0),06/12/24 23:00:00,Annual,Employed persons,Percentage,18 years or over,Total,Denmark,2012,5.2,
ESTAT:TESOV110(1.0),06/12/24 23:00:00,Annual,Employed persons,Percentage,18 years or over,Total,Denmark,2013,5.5,
ESTAT:TESOV110(1.0),06/12/24 23:00:00,Annual,Employed persons,Percentage,18 years or over,Total,Denmark,2014,4.9,
ESTAT:TESOV110(1.0),06/12/24 23:00:00,Annual,Employed persons,Percentage,18 years or over,Total,Denmark,2015,5.5,
ESTAT:TESOV110(1.0),06/12/24 23:00:00,Annual,Employed persons,Percentage,18 years or over,Total,Denmark,2016,5.3,
ESTAT:TESOV110(1.0),06/12/24 23:00:00,Annual,Employed persons,Percentage,18 years or over,Total,Denmark,2017,5.3,
ESTAT:TESOV110(1.0),06/12/24 23:00:00,Annual,Employed persons,Percentage,18 years or over,Total,Denmark,2018,6.0,
ESTAT:TESOV110(1.0),06/12/24 23:00:00,Annual,Employed persons,Percentage,18 years or over,Total,Denmark,2019,6.3,
ESTAT:TESOV110(1.0),06/12/24 23:00:00,Annual,Employed persons,Percentage,18 years or over,Total,Denmark,2020,6.2,b
ESTAT:TESOV110(1.0),06/12/24 23:00:00,Annual,Employed persons,Percentage,18 years or over,Total,Denmark,2021,6.0,
ESTAT:TESOV110(1.0),06/12/24 23:00:00,Annual,Employed persons,Percentage,18 years or over,Total,Denmark,2022,5.9,
ESTAT:TESOV110(1.0),06/12/24 23:00:00,Annual,Employed persons,Percentage,18 years or over,Total,Denmark,2023,6.0,
ESTAT:TESOV110(1.0),06/12/24 23:00:00,Annual,Employed persons,Percentage,18 years or over,Total,Euro area - 19 countries  (2015-2022),2005,7.3,
ESTAT:TESOV110(1.0),06/12/24 23:00:00,Annual,Employed persons,Percentage,18 years or over,Total,Euro area - 19 countries  (2015-2022),2006,7.3,
ESTAT:TESOV110(1.0),06/12/24 23:00:00,Annual,Employed persons,Percentage,18 years or over,Total,Euro area - 19 countries  (2015-2022),2007,7.9,
ESTAT:TESOV110(1.0),06/12/24 23:00:00,Annual,Employed persons,Percentage,18 years or over,Total,Euro area - 19 countries  (2015-2022),2008,8.1,
ESTAT:TESOV110(1.0),06/12/24 23:00:00,Annual,Employed persons,Percentage,18 years or over,Total,Euro area - 19 countries  (2015-2022),2009,8.2,
ESTAT:TESOV110(1.0),06/12/24 23:00:00,Annual,Employed persons,Percentage,18 years or over,Total,Euro area - 19 countries  (2015-2022),2010,8.0,
ESTAT:TESOV110(1.0),06/12/24 23:00:00,Annual,Employed persons,Percentage,18 years or over,Total,Euro area - 19 countries  (2015-2022),2011,8.5,
ESTAT:TESOV110(1.0),06/12/24 23:00:00,Annual,Employed persons,Percentage,18 years or over,Total,Euro area - 19 countries  (2015-2022),2012,8.6,
ESTAT:TESOV110(1.0),06/12/24 23:00:00,Annual,Employed persons,Percentage,18 years or over,Total,Euro area - 19 countries  (2015-2022),2013,8.7,
ESTAT:TESOV110(1.0),06/12/24 23:00:00,Annual,Employed persons,Percentage,18 years or over,Total,Euro area - 19 countries  (2015-2022),2014,9.4,
ESTAT:TESOV110(1.0),06/12/24 23:00:00,Annual,Employed persons,Percentage,18 years or over,Total,Euro area - 19 countries  (2015-2022),2015,9.4,
ESTAT:TESOV110(1.0),06/12/24 23:00:00,Annual,Employed persons,Percentage,18 years or over,Total,Euro area - 19 countries  (2015-2022),2016,9.5,
ESTAT:TESOV110(1.0),06/12/24 23:00:00,Annual,Employed persons,Percentage,18 years or over,Total,Euro area - 19 countries  (2015-2022),2017,9.4,
ESTAT:TESOV110(1.0),06/12/24 23:00:00,Annual,Employed persons,Percentage,18 years or over,Total,Euro area - 19 countries  (2015-2022),2018,9.2,
ESTAT:TESOV110(1.0),06/12/24 23:00:00,Annual,Employed persons,Percentage,18 years or over,Total,Euro area - 19 countries  (2015-2022),2019,8.9,
ESTAT:TESOV110(1.0),06/12/24 23:00:00,Annual,Employed persons,Percentage,18 years or over,Total,Euro area - 19 countries  (2015-2022),2020,8.7,
ESTAT:TESOV110(1.0),06/12/24 23:00:00,Annual,Employed persons,Percentage,18 years or over,Total,Euro area - 19 countries  (2015-2022),2021,8.9,
ESTAT:TESOV110(1.0),06/12/24 23:00:00,Annual,Employed persons,Percentage,18 years or over,Total,Euro area – 20 countries (from 2023),2014,9.4,
ESTAT:TESOV110(1.0),06/12/24 23:00:00,Annual,Employed persons,Percentage,18 years or over,Total,Euro area – 20 countries (from 2023),2015,9.4,
ESTAT:TESOV110(1.0),06/12/24 23:00:00,Annual,Employed persons,Percentage,18 years or over,Total,Euro area – 20 countries (from 2023),2016,9.5,
ESTAT:TESOV110(1.0),06/12/24 23:00:00,Annual,Employed persons,Percentage,18 years or over,Total,Euro area – 20 countries (from 2023),2017,9.3,
ESTAT:TESOV110(1.0),06/12/24 23:00:00,Annual,Employed persons,Percentage,18 years or over,Total,Euro area – 20 countries (from 2023),2018,9.2,
ESTAT:TESOV110(1.0),06/12/24 23:00:00,Annual,Employed persons,Percentage,18 years or over,Total,Euro area – 20 countries (from 2023),2019,8.8,
ESTAT:TESOV110(1.0),06/12/24 23:00:00,Annual,Employed persons,Percentage,18 years or over,Total,Euro area – 20 countries (from 2023),2020,8.7,
ESTAT:TESOV110(1.0),06/12/24 23:00:00,Annual,Employed persons,Percentage,18 years or over,Total,Euro area – 20 countries (from 2023),2021,8.9,
ESTAT:TESOV110(1.0),06/12/24 23:00:00,Annual,Employed persons,Percentage,18 years or over,Total,Euro area – 20 countries (from 2023),2022,8.4,
ESTAT:TESOV110(1.0),06/12/24 23:00:00,Annual,Employed persons,Percentage,18 years or over,Total,Euro area – 20 countries (from 2023),2023,8.1,
ESTAT:TESOV110(1.0),06/12/24 23:00:00,Annual,Employed persons,Percentage,18 years or over,Total,Estonia,2005,7.5,
ESTAT:TESOV110(1.0),06/12/24 23:00:00,Annual,Employed persons,Percentage,18 years or over,Total,Estonia,2006,7.5,
ESTAT:TESOV110(1.0),06/12/24 23:00:00,Annual,Employed persons,Percentage,18 years or over,Total,Estonia,2007,7.8,
ESTAT:TESOV110(1.0),06/12/24 23:00:00,Annual,Employed persons,Percentage,18 years or over,Total,Estonia,2008,7.3,
ESTAT:TESOV110(1.0),06/12/24 23:00:00,Annual,Employed persons,Percentage,18 years or over,Total,Estonia,2009,8.1,
ESTAT:TESOV110(1.0),06/12/24 23:00:00,Annual,Employed persons,Percentage,18 years or over,Total,Estonia,2010,6.5,
ESTAT:TESOV110(1.0),06/12/24 23:00:00,Annual,Employed persons,Percentage,18 years or over,Total,Estonia,2011,7.9,
ESTAT:TESOV110(1.0),06/12/24 23:00:00,Annual,Employed persons,Percentage,18 years or over,Total,Estonia,2012,8.3,
ESTAT:TESOV110(1.0),06/12/24 23:00:00,Annual,Employed persons,Percentage,18 years or over,Total,Estonia,2013,7.6,
ESTAT:TESOV110(1.0),06/12/24 23:00:00,Annual,Employed persons,Percentage,18 years or over,Total,Estonia,2014,11.8,b
ESTAT:TESOV110(1.0),06/12/24 23:00:00,Annual,Employed persons,Percentage,18 years or over,Total,Estonia,2015,10.0,
ESTAT:TESOV110(1.0),06/12/24 23:00:00,Annual,Employed persons,Percentage,18 years or over,Total,Estonia,2016,9.6,
ESTAT:TESOV110(1.0),06/12/24 23:00:00,Annual,Employed persons,Percentage,18 years or over,Total,Estonia,2017,9.3,
ESTAT:TESOV110(1.0),06/12/24 23:00:00,Annual,Employed persons,Percentage,18 years or over,Total,Estonia,2018,9.3,
ESTAT:TESOV110(1.0),06/12/24 23:00:00,Annual,Employed persons,Percentage,18 years or over,Total,Estonia,2019,10.0,
ESTAT:TESOV110(1.0),06/12/24 23:00:00,Annual,Employed persons,Percentage,18 years or over,Total,Estonia,2020,10.0,
ESTAT:TESOV110(1.0),06/12/24 23:00:00,Annual,Employed persons,Percentage,18 years or over,Total,Estonia,2021,10.0,
ESTAT:TESOV110(1.0),06/12/24 23:00:00,Annual,Employed persons,Percentage,18 years or over,Total,Estonia,2022,10.5,
ESTAT:TESOV110(1.0),06/12/24 23:00:00,Annual,Employed persons,Percentage,18 years or over,Total,Estonia,2023,10.3,
ESTAT:TESOV110(1.0),06/12/24 23:00:00,Annual,Employed persons,Percentage,18 years or over,Total,Greece,2005,12.9,
ESTAT:TESOV110(1.0),06/12/24 23:00:00,Annual,Employed persons,Percentage,18 years or over,Total,Greece,2006,13.8,
ESTAT:TESOV110(1.0),06/12/24 23:00:00,Annual,Employed persons,Percentage,18 years or over,Total,Greece,2007,14.2,
ESTAT:TESOV110(1.0),06/12/24 23:00:00,Annual,Employed persons,Percentage,18 years or over,Total,Greece,2008,14.3,
ESTAT:TESOV110(1.0),06/12/24 23:00:00,Annual,Employed persons,Percentage,18 years or over,Total,Greece,2009,13.8,
ESTAT:TESOV110(1.0),06/12/24 23:00:00,Annual,Employed persons,Percentage,18 years or over,Total,Greece,2010,13.8,
ESTAT:TESOV110(1.0),06/12/24 23:00:00,Annual,Employed persons,Percentage,18 years or over,Total,Greece,2011,11.9,
ESTAT:TESOV110(1.0),06/12/24 23:00:00,Annual,Employed persons,Percentage,18 years or over,Total,Greece,2012,15.1,
ESTAT:TESOV110(1.0),06/12/24 23:00:00,Annual,Employed persons,Percentage,18 years or over,Total,Greece,2013,13.1,
ESTAT:TESOV110(1.0),06/12/24 23:00:00,Annual,Employed persons,Percentage,18 years or over,Total,Greece,2014,13.4,
ESTAT:TESOV110(1.0),06/12/24 23:00:00,Annual,Employed persons,Percentage,18 years or over,Total,Greece,2015,13.4,
ESTAT:TESOV110(1.0),06/12/24 23:00:00,Annual,Employed persons,Percentage,18 years or over,Total,Greece,2016,14.1,
ESTAT:TESOV110(1.0),06/12/24 23:00:00,Annual,Employed persons,Percentage,18 years or over,Total,Greece,2017,12.9,
ESTAT:TESOV110(1.0),06/12/24 23:00:00,Annual,Employed persons,Percentage,18 years or over,Total,Greece,2018,11.0,
ESTAT:TESOV110(1.0),06/12/24 23:00:00,Annual,Employed persons,Percentage,18 years or over,Total,Greece,2019,10.2,
ESTAT:TESOV110(1.0),06/12/24 23:00:00,Annual,Employed persons,Percentage,18 years or over,Total,Greece,2020,10.1,
ESTAT:TESOV110(1.0),06/12/24 23:00:00,Annual,Employed persons,Percentage,18 years or over,Total,Greece,2021,11.3,
ESTAT:TESOV110(1.0),06/12/24 23:00:00,Annual,Employed persons,Percentage,18 years or over,Total,Greece,2022,10.6,
ESTAT:TESOV110(1.0),06/12/24 23:00:00,Annual,Employed persons,Percentage,18 years or over,Total,Greece,2023,9.9,
ESTAT:TESOV110(1.0),06/12/24 23:00:00,Annual,Employed persons,Percentage,18 years or over,Total,Spain,2005,10.6,
ESTAT:TESOV110(1.0),06/12/24 23:00:00,Annual,Employed persons,Percentage,18 years or over,Total,Spain,2006,10.1,
ESTAT:TESOV110(1.0),06/12/24 23:00:00,Annual,Employed persons,Percentage,18 years or over,Total,Spain,2007,10.2,
ESTAT:TESOV110(1.0),06/12/24 23:00:00,Annual,Employed persons,Percentage,18 years or over,Total,Spain,2008,11.3,b
ESTAT:TESOV110(1.0),06/12/24 23:00:00,Annual,Employed persons,Percentage,18 years or over,Total,Spain,2009,11.7,
ESTAT:TESOV110(1.0),06/12/24 23:00:00,Annual,Employed persons,Percentage,18 years or over,Total,Spain,2010,10.9,
ESTAT:TESOV110(1.0),06/12/24 23:00:00,Annual,Employed persons,Percentage,18 years or over,Total,Spain,2011,10.9,
ESTAT:TESOV110(1.0),06/12/24 23:00:00,Annual,Employed persons,Percentage,18 years or over,Total,Spain,2012,10.8,
ESTAT:TESOV110(1.0),06/12/24 23:00:00,Annual,Employed persons,Percentage,18 years or over,Total,Spain,2013,10.5,
ESTAT:TESOV110(1.0),06/12/24 23:00:00,Annual,Employed persons,Percentage,18 years or over,Total,Spain,2014,12.5,
ESTAT:TESOV110(1.0),06/12/24 23:00:00,Annual,Employed persons,Percentage,18 years or over,Total,Spain,2015,13.1,
ESTAT:TESOV110(1.0),06/12/24 23:00:00,Annual,Employed persons,Percentage,18 years or over,Total,Spain,2016,13.1,
ESTAT:TESOV110(1.0),06/12/24 23:00:00,Annual,Employed persons,Percentage,18 years or over,Total,Spain,2017,13.1,
ESTAT:TESOV110(1.0),06/12/24 23:00:00,Annual,Employed persons,Percentage,18 years or over,Total,Spain,2018,12.9,
ESTAT:TESOV110(1.0),06/12/24 23:00:00,Annual,Employed persons,Percentage,18 years or over,Total,Spain,2019,12.7,
ESTAT:TESOV110(1.0),06/12/24 23:00:00,Annual,Employed persons,Percentage,18 years or over,Total,Spain,2020,11.8,
ESTAT:TESOV110(1.0),06/12/24 23:00:00,Annual,Employed persons,Percentage,18 years or over,Total,Spain,2021,12.7,
ESTAT:TESOV110(1.0),06/12/24 23:00:00,Annual,Employed persons,Percentage,18 years or over,Total,Spain,2022,11.7,
ESTAT:TESOV110(1.0),06/12/24 23:00:00,Annual,Employed persons,Percentage,18 years or over,Total,Spain,2023,11.3,
ESTAT:TESOV110(1.0),06/12/24 23:00:00,Annual,Employed persons,Percentage,18 years or over,Total,European Union - 27 countries (2007-2013),2005,8.2,e
ESTAT:TESOV110(1.0),06/12/24 23:00:00,Annual,Employed persons,Percentage,18 years or over,Total,European Union - 27 countries (2007-2013),2006,8.1,e
ESTAT:TESOV110(1.0),06/12/24 23:00:00,Annual,Employed persons,Percentage,18 years or over,Total,European Union - 27 countries (2007-2013),2007,8.3,
ESTAT:TESOV110(1.0),06/12/24 23:00:00,Annual,Employed persons,Percentage,18 years or over,Total,European Union - 27 countries (2007-2013),2008,8.6,
ESTAT:TESOV110(1.0),06/12/24 23:00:00,Annual,Employed persons,Percentage,18 years or over,Total,European Union - 27 countries (2007-2013),2009,8.4,
ESTAT:TESOV110(1.0),06/12/24 23:00:00,Annual,Employed persons,Percentage,18 years or over,Total,European Union - 27 countries (2007-2013),2010,8.3,
ESTAT:TESOV110(1.0),06/12/24 23:00:00,Annual,Employed persons,Percentage,18 years or over,Total,European Union - 27 countries (2007-2013),2011,8.8,
ESTAT:TESOV110(1.0),06/12/24 23:00:00,Annual,Employed persons,Percentage,18 years or over,Total,European Union - 27 countries (2007-2013),2012,9.0,
ESTAT:TESOV110(1.0),06/12/24 23:00:00,Annual,Employed persons,Percentage,18 years or over,Total,European Union - 27 countries (2007-2013),2013,9.0,
ESTAT:TESOV110(1.0),06/12/24 23:00:00,Annual,Employed persons,Percentage,18 years or over,Total,European Union - 27 countries (2007-2013),2014,9.5,
ESTAT:TESOV110(1.0),06/12/24 23:00:00,Annual,Employed persons,Percentage,18 years or over,Total,European Union - 27 countries (2007-2013),2015,9.5,
ESTAT:TESOV110(1.0),06/12/24 23:00:00,Annual,Employed persons,Percentage,18 years or over,Total,European Union - 27 countries (2007-2013),2016,9.6,
ESTAT:TESOV110(1.0),06/12/24 23:00:00,Annual,Employed persons,Percentage,18 years or over,Total,European Union - 27 countries (2007-2013),2017,9.4,
ESTAT:TESOV110(1.0),06/12/24 23:00:00,Annual,Employed persons,Percentage,18 years or over,Total,European Union - 27 countries (2007-2013),2018,9.4,
ESTAT:TESOV110(1.0),06/12/24 23:00:00,Annual,Employed persons,Percentage,18 years or over,Total,European Union - 27 countries (2007-2013),2019,9.2,e
ESTAT:TESOV110(1.0),06/12/24 23:00:00,Annual,Employed persons,Percentage,18 years or over,Total,European Union - 27 countries (from 2020),2010,8.5,e
ESTAT:TESOV110(1.0),06/12/24 23:00:00,Annual,Employed persons,Percentage,18 years or over,Total,European Union - 27 countries (from 2020),2011,9.0,e
ESTAT:TESOV110(1.0),06/12/24 23:00:00,Annual,Employed persons,Percentage,18 years or over,Total,European Union - 27 countries (from 2020),2012,8.9,e
ESTAT:TESOV110(1.0),06/12/24 23:00:00,Annual,Employed persons,Percentage,18 years or over,Total,European Union - 27 countries (from 2020),2013,9.1,e
ESTAT:TESOV110(1.0),06/12/24 23:00:00,Annual,Employed persons,Percentage,18 years or over,Total,European Union - 27 countries (from 2020),2014,9.6,e
ESTAT:TESOV110(1.0),06/12/24 23:00:00,Annual,Employed persons,Percentage,18 years or over,Total,European Union - 27 countries (from 2020),2015,9.7,e
ESTAT:TESOV110(1.0),06/12/24 23:00:00,Annual,Employed persons,Percentage,18 years or over,Total,European Union - 27 countries (from 2020),2016,9.8,e
ESTAT:TESOV110(1.0),06/12/24 23:00:00,Annual,Employed persons,Percentage,18 years or over,Total,European Union - 27 countries (from 2020),2017,9.5,e
ESTAT:TESOV110(1.0),06/12/24 23:00:00,Annual,Employed persons,Percentage,18 years or over,Total,European Union - 27 countries (from 2020),2018,9.3,e
ESTAT:TESOV110(1.0),06/12/24 23:00:00,Annual,Employed persons,Percentage,18 years or over,Total,European Union - 27 countries (from 2020),2019,9.0,e
ESTAT:TESOV110(1.0),06/12/24 23:00:00,Annual,Employed persons,Percentage,18 years or over,Total,European Union - 27 countries (from 2020),2020,8.8,
ESTAT:TESOV110(1.0),06/12/24 23:00:00,Annual,Employed persons,Percentage,18 years or over,Total,European Union - 27 countries (from 2020),2021,8.9,
ESTAT:TESOV110(1.0),06/12/24 23:00:00,Annual,Employed persons,Percentage,18 years or over,Total,European Union - 27 countries (from 2020),2022,8.5,
ESTAT:TESOV110(1.0),06/12/24 23:00:00,Annual,Employed persons,Percentage,18 years or over,Total,European Union - 27 countries (from 2020),2023,8.3,
ESTAT:TESOV110(1.0),06/12/24 23:00:00,Annual,Employed persons,Percentage,18 years or over,Total,European Union - 28 countries (2013-2020),2010,8.3,
ESTAT:TESOV110(1.0),06/12/24 23:00:00,Annual,Employed persons,Percentage,18 years or over,Total,European Union - 28 countries (2013-2020),2011,8.8,
ESTAT:TESOV110(1.0),06/12/24 23:00:00,Annual,Employed persons,Percentage,18 years or over,Total,European Union - 28 countries (2013-2020),2012,8.9,
ESTAT:TESOV110(1.0),06/12/24 23:00:00,Annual,Employed persons,Percentage,18 years or over,Total,European Union - 28 countries (2013-2020),2013,9.0,
ESTAT:TESOV110(1.0),06/12/24 23:00:00,Annual,Employed persons,Percentage,18 years or over,Total,European Union - 28 countries (2013-2020),2014,9.5,
ESTAT:TESOV110(1.0),06/12/24 23:00:00,Annual,Employed persons,Percentage,18 years or over,Total,European Union - 28 countries (2013-2020),2015,9.5,
ESTAT:TESOV110(1.0),06/12/24 23:00:00,Annual,Employed persons,Percentage,18 years or over,Total,European Union - 28 countries (2013-2020),2016,9.6,
ESTAT:TESOV110(1.0),06/12/24 23:00:00,Annual,Employed persons,Percentage,18 years or over,Total,European Union - 28 countries (2013-2020),2017,9.4,
ESTAT:TESOV110(1.0),06/12/24 23:00:00,Annual,Employed persons,Percentage,18 years or over,Total,European Union - 28 countries (2013-2020),2018,9.4,
ESTAT:TESOV110(1.0),06/12/24 23:00:00,Annual,Employed persons,Percentage,18 years or over,Total,European Union - 28 countries (2013-2020),2019,9.2,e
ESTAT:TESOV110(1.0),06/12/24 23:00:00,Annual,Employed persons,Percentage,18 years or over,Total,Finland,2005,3.7,
ESTAT:TESOV110(1.0),06/12/24 23:00:00,Annual,Employed persons,Percentage,18 years or over,Total,Finland,2006,4.5,
ESTAT:TESOV110(1.0),06/12/24 23:00:00,Annual,Employed persons,Percentage,18 years or over,Total,Finland,2007,5.0,
ESTAT:TESOV110(1.0),06/12/24 23:00:00,Annual,Employed persons,Percentage,18 years or over,Total,Finland,2008,5.1,
ESTAT:TESOV110(1.0),06/12/24 23:00:00,Annual,Employed persons,Percentage,18 years or over,Total,Finland,2009,3.7,
ESTAT:TESOV110(1.0),06/12/24 23:00:00,Annual,Employed persons,Percentage,18 years or over,Total,Finland,2010,3.7,
ESTAT:TESOV110(1.0),06/12/24 23:00:00,Annual,Employed persons,Percentage,18 years or over,Total,Finland,2011,3.9,
ESTAT:TESOV110(1.0),06/12/24 23:00:00,Annual,Employed persons,Percentage,18 years or over,Total,Finland,2012,3.8,
ESTAT:TESOV110(1.0),06/12/24 23:00:00,Annual,Employed persons,Percentage,18 years or over,Total,Finland,2013,3.7,
ESTAT:TESOV110(1.0),06/12/24 23:00:00,Annual,Employed persons,Percentage,18 years or over,Total,Finland,2014,3.7,
ESTAT:TESOV110(1.0),06/12/24 23:00:00,Annual,Employed persons,Percentage,18 years or over,Total,Finland,2015,3.5,
ESTAT:TESOV110(1.0),06/12/24 23:00:00,Annual,Employed persons,Percentage,18 years or over,Total,Finland,2016,3.1,
ESTAT:TESOV110(1.0),06/12/24 23:00:00,Annual,Employed persons,Percentage,18 years or over,Total,Finland,2017,2.7,
ESTAT:TESOV110(1.0),06/12/24 23:00:00,Annual,Employed persons,Percentage,18 years or over,Total,Finland,2018,3.1,
ESTAT:TESOV110(1.0),06/12/24 23:00:00,Annual,Employed persons,Percentage,18 years or over,Total,Finland,2019,2.9,
ESTAT:TESOV110(1.0),06/12/24 23:00:00,Annual,Employed persons,Percentage,18 years or over,Total,Finland,2020,3.1,
ESTAT:TESOV110(1.0),06/12/24 23:00:00,Annual,Employed persons,Percentage,18 years or over,Total,Finland,2021,2.8,
ESTAT:TESOV110(1.0),06/12/24 23:00:00,Annual,Employed persons,Percentage,18 years or over,Total,Finland,2022,2.5,
ESTAT:TESOV110(1.0),06/12/24 23:00:00,Annual,Employed persons,Percentage,18 years or over,Total,Finland,2023,2.8,
ESTAT:TESOV110(1.0),06/12/24 23:00:00,Annual,Employed persons,Percentage,18 years or over,Total,France,2005,6.1,
ESTAT:TESOV110(1.0),06/12/24 23:00:00,Annual,Employed persons,Percentage,18 years or over,Total,France,2006,6.0,
ESTAT:TESOV110(1.0),06/12/24 23:00:00,Annual,Employed persons,Percentage,18 years or over,Total,France,2007,6.5,
ESTAT:TESOV110(1.0),06/12/24 23:00:00,Annual,Employed persons,Percentage,18 years or over,Total,France,2008,6.5,b
ESTAT:TESOV110(1.0),06/12/24 23:00:00,Annual,Employed persons,Percentage,18 years or over,Total,France,2009,6.6,
ESTAT:TESOV110(1.0),06/12/24 23:00:00,Annual,Employed persons,Percentage,18 years or over,Total,France,2010,6.5,
ESTAT:TESOV110(1.0),06/12/24 23:00:00,Annual,Employed persons,Percentage,18 years or over,Total,France,2011,7.6,
ESTAT:TESOV110(1.0),06/12/24 23:00:00,Annual,Employed persons,Percentage,18 years or over,Total,France,2012,8.0,
ESTAT:TESOV110(1.0),06/12/24 23:00:00,Annual,Employed persons,Percentage,18 years or over,Total,France,2013,7.8,
ESTAT:TESOV110(1.0),06/12/24 23:00:00,Annual,Employed persons,Percentage,18 years or over,Total,France,2014,8.0,
ESTAT:TESOV110(1.0),06/12/24 23:00:00,Annual,Employed persons,Percentage,18 years or over,Total,France,2015,7.5,
ESTAT:TESOV110(1.0),06/12/24 23:00:00,Annual,Employed persons,Percentage,18 years or over,Total,France,2016,7.9,
ESTAT:TESOV110(1.0),06/12/24 23:00:00,Annual,Employed persons,Percentage,18 years or over,Total,France,2017,7.3,
ESTAT:TESOV110(1.0),06/12/24 23:00:00,Annual,Employed persons,Percentage,18 years or over,Total,France,2018,7.1,
ESTAT:TESOV110(1.0),06/12/24 23:00:00,Annual,Employed persons,Percentage,18 years or over,Total,France,2019,7.4,
ESTAT:TESOV110(1.0),06/12/24 23:00:00,Annual,Employed persons,Percentage,18 years or over,Total,France,2020,7.4,b
ESTAT:TESOV110(1.0),06/12/24 23:00:00,Annual,Employed persons,Percentage,18 years or over,Total,France,2021,6.9,
ESTAT:TESOV110(1.0),06/12/24 23:00:00,Annual,Employed persons,Percentage,18 years or over,Total,France,2022,7.5,b
ESTAT:TESOV110(1.0),06/12/24 23:00:00,Annual,Employed persons,Percentage,18 years or over,Total,France,2023,7.8,
ESTAT:TESOV110(1.0),06/12/24 23:00:00,Annual,Employed persons,Percentage,18 years or over,Total,Croatia,2010,6.3,
ESTAT:TESOV110(1.0),06/12/24 23:00:00,Annual,Employed persons,Percentage,18 years or over,Total,Croatia,2011,6.6,
ESTAT:TESOV110(1.0),06/12/24 23:00:00,Annual,Employed persons,Percentage,18 years or over,Total,Croatia,2012,6.0,
ESTAT:TESOV110(1.0),06/12/24 23:00:00,Annual,Employed persons,Percentage,18 years or over,Total,Croatia,2013,6.2,
ESTAT:TESOV110(1.0),06/12/24 23:00:00,Annual,Employed persons,Percentage,18 years or over,Total,Croatia,2014,5.7,
ESTAT:TESOV110(1.0),06/12/24 23:00:00,Annual,Employed persons,Percentage,18 years or over,Total,Croatia,2015,5.9,
ESTAT:TESOV110(1.0),06/12/24 23:00:00,Annual,Employed persons,Percentage,18 years or over,Total,Croatia,2016,5.6,
ESTAT:TESOV110(1.0),06/12/24 23:00:00,Annual,Employed persons,Percentage,18 years or over,Total,Croatia,2017,5.8,
ESTAT:TESOV110(1.0),06/12/24 23:00:00,Annual,Employed persons,Percentage,18 years or over,Total,Croatia,2018,5.2,
ESTAT:TESOV110(1.0),06/12/24 23:00:00,Annual,Employed persons,Percentage,18 years or over,Total,Croatia,2019,5.1,
ESTAT:TESOV110(1.0),06/12/24 23:00:00,Annual,Employed persons,Percentage,18 years or over,Total,Croatia,2020,5.1,
ESTAT:TESOV110(1.0),06/12/24 23:00:00,Annual,Employed persons,Percentage,18 years or over,Total,Croatia,2021,4.9,
ESTAT:TESOV110(1.0),06/12/24 23:00:00,Annual,Employed persons,Percentage,18 years or over,Total,Croatia,2022,4.7,
ESTAT:TESOV110(1.0),06/12/24 23:00:00,Annual,Employed persons,Percentage,18 years or over,Total,Croatia,2023,6.2,b
ESTAT:TESOV110(1.0),06/12/24 23:00:00,Annual,Employed persons,Percentage,18 years or over,Total,Hungary,2005,8.7,
ESTAT:TESOV110(1.0),06/12/24 23:00:00,Annual,Employed persons,Percentage,18 years or over,Total,Hungary,2006,6.8,
ESTAT:TESOV110(1.0),06/12/24 23:00:00,Annual,Employed persons,Percentage,18 years or over,Total,Hungary,2007,5.8,
ESTAT:TESOV110(1.0),06/12/24 23:00:00,Annual,Employed persons,Percentage,18 years or over,Total,Hungary,2008,5.8,
ESTAT:TESOV110(1.0),06/12/24 23:00:00,Annual,Employed persons,Percentage,18 years or over,Total,Hungary,2009,6.2,
ESTAT:TESOV110(1.0),06/12/24 23:00:00,Annual,Employed persons,Percentage,18 years or over,Total,Hungary,2010,5.3,
ESTAT:TESOV110(1.0),06/12/24 23:00:00,Annual,Employed persons,Percentage,18 years or over,Total,Hungary,2011,6.2,
ESTAT:TESOV110(1.0),06/12/24 23:00:00,Annual,Employed persons,Percentage,18 years or over,Total,Hungary,2012,5.7,
ESTAT:TESOV110(1.0),06/12/24 23:00:00,Annual,Employed persons,Percentage,18 years or over,Total,Hungary,2013,7.0,
ESTAT:TESOV110(1.0),06/12/24 23:00:00,Annual,Employed persons,Percentage,18 years or over,Total,Hungary,2014,6.7,
ESTAT:TESOV110(1.0),06/12/24 23:00:00,Annual,Employed persons,Percentage,18 years or over,Total,Hungary,2015,9.3,
ESTAT:TESOV110(1.0),06/12/24 23:00:00,Annual,Employed persons,Percentage,18 years or over,Total,Hungary,2016,9.6,
ESTAT:TESOV110(1.0),06/12/24 23:00:00,Annual,Employed persons,Percentage,18 years or over,Total,Hungary,2017,10.2,
ESTAT:TESOV110(1.0),06/12/24 23:00:00,Annual,Employed persons,Percentage,18 years or over,Total,Hungary,2018,8.4,
ESTAT:TESOV110(1.0),06/12/24 23:00:00,Annual,Employed persons,Percentage,18 years or over,Total,Hungary,2019,8.4,
ESTAT:TESOV110(1.0),06/12/24 23:00:00,Annual,Employed persons,Percentage,18 years or over,Total,Hungary,2020,7.8,
ESTAT:TESOV110(1.0),06/12/24 23:00:00,Annual,Employed persons,Percentage,18 years or over,Total,Hungary,2021,7.6,
ESTAT:TESOV110(1.0),06/12/24 23:00:00,Annual,Employed persons,Percentage,18 years or over,Total,Hungary,2022,7.0,
ESTAT:TESOV110(1.0),06/12/24 23:00:00,Annual,Employed persons,Percentage,18 years or over,Total,Hungary,2023,6.9,
ESTAT:TESOV110(1.0),06/12/24 23:00:00,Annual,Employed persons,Percentage,18 years or over,Total,Ireland,2005,6.0,
ESTAT:TESOV110(1.0),06/12/24 23:00:00,Annual,Employed persons,Percentage,18 years or over,Total,Ireland,2006,6.2,
ESTAT:TESOV110(1.0),06/12/24 23:00:00,Annual,Employed persons,Percentage,18 years or over,Total,Ireland,2007,5.6,
ESTAT:TESOV110(1.0),06/12/24 23:00:00,Annual,Employed persons,Percentage,18 years or over,Total,Ireland,2008,6.5,
ESTAT:TESOV110(1.0),06/12/24 23:00:00,Annual,Employed persons,Percentage,18 years or over,Total,Ireland,2009,5.3,
ESTAT:TESOV110(1.0),06/12/24 23:00:00,Annual,Employed persons,Percentage,18 years or over,Total,Ireland,2010,5.5,
ESTAT:TESOV110(1.0),06/12/24 23:00:00,Annual,Employed persons,Percentage,18 years or over,Total,Ireland,2011,5.5,
ESTAT:TESOV110(1.0),06/12/24 23:00:00,Annual,Employed persons,Percentage,18 years or over,Total,Ireland,2012,5.4,
ESTAT:TESOV110(1.0),06/12/24 23:00:00,Annual,Employed persons,Percentage,18 years or over,Total,Ireland,2013,5.0,
ESTAT:TESOV110(1.0),06/12/24 23:00:00,Annual,Employed persons,Percentage,18 years or over,Total,Ireland,2014,5.6,
ESTAT:TESOV110(1.0),06/12/24 23:00:00,Annual,Employed persons,Percentage,18 years or over,Total,Ireland,2015,4.9,
ESTAT:TESOV110(1.0),06/12/24 23:00:00,Annual,Employed persons,Percentage,18 years or over,Total,Ireland,2016,5.1,
ESTAT:TESOV110(1.0),06/12/24 23:00:00,Annual,Employed persons,Percentage,18 years or over,Total,Ireland,2017,5.1,
ESTAT:TESOV110(1.0),06/12/24 23:00:00,Annual,Employed persons,Percentage,18 years or over,Total,Ireland,2018,4.8,
ESTAT:TESOV110(1.0),06/12/24 23:00:00,Annual,Employed persons,Percentage,18 years or over,Total,Ireland,2019,6.2,b
ESTAT:TESOV110(1.0),06/12/24 23:00:00,Annual,Employed persons,Percentage,18 years or over,Total,Ireland,2020,5.5,b
ESTAT:TESOV110(1.0),06/12/24 23:00:00,Annual,Employed persons,Percentage,18 years or over,Total,Ireland,2021,4.5,
ESTAT:TESOV110(1.0),06/12/24 23:00:00,Annual,Employed persons,Percentage,18 years or over,Total,Ireland,2022,5.4,
ESTAT:TESOV110(1.0),06/12/24 23:00:00,Annual,Employed persons,Percentage,18 years or over,Total,Ireland,2023,5.5,
ESTAT:TESOV110(1.0),06/12/24 23:00:00,Annual,Employed persons,Percentage,18 years or over,Total,Iceland,2005,7.9,
ESTAT:TESOV110(1.0),06/12/24 23:00:00,Annual,Employed persons,Percentage,18 years or over,Total,Iceland,2006,6.6,
ESTAT:TESOV110(1.0),06/12/24 23:00:00,Annual,Employed persons,Percentage,18 years or over,Total,Iceland,2007,7.0,
ESTAT:TESOV110(1.0),06/12/24 23:00:00,Annual,Employed persons,Percentage,18 years or over,Total,Iceland,2008,6.7,
ESTAT:TESOV110(1.0),06/12/24 23:00:00,Annual,Employed persons,Percentage,18 years or over,Total,Iceland,2009,7.7,
ESTAT:TESOV110(1.0),06/12/24 23:00:00,Annual,Employed persons,Percentage,18 years or over,Total,Iceland,2010,6.6,
ESTAT:TESOV110(1.0),06/12/24 23:00:00,Annual,Employed persons,Percentage,18 years or over,Total,Iceland,2011,6.4,
ESTAT:TESOV110(1.0),06/12/24 23:00:00,Annual,Employed persons,Percentage,18 years or over,Total,Iceland,2012,5.2,
ESTAT:TESOV110(1.0),06/12/24 23:00:00,Annual,Employed persons,Percentage,18 years or over,Total,Iceland,2013,6.1,
ESTAT:TESOV110(1.0),06/12/24 23:00:00,Annual,Employed persons,Percentage,18 years or over,Total,Iceland,2014,4.6,
ESTAT:TESOV110(1.0),06/12/24 23:00:00,Annual,Employed persons,Percentage,18 years or over,Total,Iceland,2015,6.5,
ESTAT:TESOV110(1.0),06/12/24 23:00:00,Annual,Employed persons,Percentage,18 years or over,Total,Iceland,2016,6.4,
ESTAT:TESOV110(1.0),06/12/24 23:00:00,Annual,Employed persons,Percentage,18 years or over,Total,Iceland,2017,7.0,
ESTAT:TESOV110(1.0),06/12/24 23:00:00,Annual,Employed persons,Percentage,18 years or over,Total,Iceland,2018,7.0,
ESTAT:TESOV110(1.0),06/12/24 23:00:00,Annual,Employed persons,Percentage,18 years or over,Total,Iceland,2019,6.4,
ESTAT:TESOV110(1.0),06/12/24 23:00:00,Annual,Employed persons,Percentage,18 years or over,Total,Italy,2005,8.7,
ESTAT:TESOV110(1.0),06/12/24 23:00:00,Annual,Employed persons,Percentage,18 years or over,Total,Italy,2006,9.0,
ESTAT:TESOV110(1.0),06/12/24 23:00:00,Annual,Employed persons,Percentage,18 years or over,Total,Italy,2007,9.3,
ESTAT:TESOV110(1.0),06/12/24 23:00:00,Annual,Employed persons,Percentage,18 years or over,Total,Italy,2008,9.0,
ESTAT:TESOV110(1.0),06/12/24 23:00:00,Annual,Employed persons,Percentage,18 years or over,Total,Italy,2009,10.2,
ESTAT:TESOV110(1.0),06/12/24 23:00:00,Annual,Employed persons,Percentage,18 years or over,Total,Italy,2010,9.5,
ESTAT:TESOV110(1.0),06/12/24 23:00:00,Annual,Employed persons,Percentage,18 years or over,Total,Italy,2011,11.0,
ESTAT:TESOV110(1.0),06/12/24 23:00:00,Annual,Employed persons,Percentage,18 years or over,Total,Italy,2012,11.0,
ESTAT:TESOV110(1.0),06/12/24 23:00:00,Annual,Employed persons,Percentage,18 years or over,Total,Italy,2013,11.0,
ESTAT:TESOV110(1.0),06/12/24 23:00:00,Annual,Employed persons,Percentage,18 years or over,Total,Italy,2014,11.0,
ESTAT:TESOV110(1.0),06/12/24 23:00:00,Annual,Employed persons,Percentage,18 years or over,Total,Italy,2015,11.5,
ESTAT:TESOV110(1.0),06/12/24 23:00:00,Annual,Employed persons,Percentage,18 years or over,Total,Italy,2016,11.7,
ESTAT:TESOV110(1.0),06/12/24 23:00:00,Annual,Employed persons,Percentage,18 years or over,Total,Italy,2017,12.2,
ESTAT:TESOV110(1.0),06/12/24 23:00:00,Annual,Employed persons,Percentage,18 years or over,Total,Italy,2018,12.2,
ESTAT:TESOV110(1.0),06/12/24 23:00:00,Annual,Employed persons,Percentage,18 years or over,Total,Italy,2019,11.8,
ESTAT:TESOV110(1.0),06/12/24 23:00:00,Annual,Employed persons,Percentage,18 years or over,Total,Italy,2020,10.8,
ESTAT:TESOV110(1.0),06/12/24 23:00:00,Annual,Employed persons,Percentage,18 years or over,Total,Italy,2021,11.6,
ESTAT:TESOV110(1.0),06/12/24 23:00:00,Annual,Employed persons,Percentage,18 years or over,Total,Italy,2022,11.5,
ESTAT:TESOV110(1.0),06/12/24 23:00:00,Annual,Employed persons,Percentage,18 years or over,Total,Italy,2023,9.9,
ESTAT:TESOV110(1.0),06/12/24 23:00:00,Annual,Employed persons,Percentage,18 years or over,Total,Lithuania,2005,10.0,
ESTAT:TESOV110(1.0),06/12/24 23:00:00,Annual,Employed persons,Percentage,18 years or over,Total,Lithuania,2006,10.0,
ESTAT:TESOV110(1.0),06/12/24 23:00:00,Annual,Employed persons,Percentage,18 years or over,Total,Lithuania,2007,8.0,
ESTAT:TESOV110(1.0),06/12/24 23:00:00,Annual,Employed persons,Percentage,18 years or over,Total,Lithuania,2008,9.4,
ESTAT:TESOV110(1.0),06/12/24 23:00:00,Annual,Employed persons,Percentage,18 years or over,Total,Lithuania,2009,10.3,
ESTAT:TESOV110(1.0),06/12/24 23:00:00,Annual,Employed persons,Percentage,18 years or over,Total,Lithuania,2010,12.6,
ESTAT:TESOV110(1.0),06/12/24 23:00:00,Annual,Employed persons,Percentage,18 years or over,Total,Lithuania,2011,9.5,
ESTAT:TESOV110(1.0),06/12/24 23:00:00,Annual,Employed persons,Percentage,18 years or over,Total,Lithuania,2012,7.6,
ESTAT:TESOV110(1.0),06/12/24 23:00:00,Annual,Employed persons,Percentage,18 years or over,Total,Lithuania,2013,9.1,
ESTAT:TESOV110(1.0),06/12/24 23:00:00,Annual,Employed persons,Percentage,18 years or over,Total,Lithuania,2014,8.3,
ESTAT:TESOV110(1.0),06/12/24 23:00:00,Annual,Employed persons,Percentage,18 years or over,Total,Lithuania,2015,9.9,
ESTAT:TESOV110(1.0),06/12/24 23:00:00,Annual,Employed persons,Percentage,18 years or over,Total,Lithuania,2016,8.5,
ESTAT:TESOV110(1.0),06/12/24 23:00:00,Annual,Employed persons,Percentage,18 years or over,Total,Lithuania,2017,8.5,
ESTAT:TESOV110(1.0),06/12/24 23:00:00,Annual,Employed persons,Percentage,18 years or over,Total,Lithuania,2018,8.1,
ESTAT:TESOV110(1.0),06/12/24 23:00:00,Annual,Employed persons,Percentage,18 years or over,Total,Lithuania,2019,7.9,
ESTAT:TESOV110(1.0),06/12/24 23:00:00,Annual,Employed persons,Percentage,18 years or over,Total,Lithuania,2020,8.0,
ESTAT:TESOV110(1.0),06/12/24 23:00:00,Annual,Employed persons,Percentage,18 years or over,Total,Lithuania,2021,7.5,
ESTAT:TESOV110(1.0),06/12/24 23:00:00,Annual,Employed persons,Percentage,18 years or over,Total,Lithuania,2022,7.6,
ESTAT:TESOV110(1.0),06/12/24 23:00:00,Annual,Employed persons,Percentage,18 years or over,Total,Lithuania,2023,7.9,
ESTAT:TESOV110(1.0),06/12/24 23:00:00,Annual,Employed persons,Percentage,18 years or over,Total,Luxembourg,2005,9.8,
ESTAT:TESOV110(1.0),06/12/24 23:00:00,Annual,Employed persons,Percentage,18 years or over,Total,Luxembourg,2006,10.3,
ESTAT:TESOV110(1.0),06/12/24 23:00:00,Annual,Employed persons,Percentage,18 years or over,Total,Luxembourg,2007,9.3,
ESTAT:TESOV110(1.0),06/12/24 23:00:00,Annual,Employed persons,Percentage,18 years or over,Total,Luxembourg,2008,9.4,
ESTAT:TESOV110(1.0),06/12/24 23:00:00,Annual,Employed persons,Percentage,18 years or over,Total,Luxembourg,2009,10.0,
ESTAT:TESOV110(1.0),06/12/24 23:00:00,Annual,Employed persons,Percentage,18 years or over,Total,Luxembourg,2010,10.6,
ESTAT:TESOV110(1.0),06/12/24 23:00:00,Annual,Employed persons,Percentage,18 years or over,Total,Luxembourg,2011,9.9,
ESTAT:TESOV110(1.0),06/12/24 23:00:00,Annual,Employed persons,Percentage,18 years or over,Total,Luxembourg,2012,10.2,
ESTAT:TESOV110(1.0),06/12/24 23:00:00,Annual,Employed persons,Percentage,18 years or over,Total,Luxembourg,2013,11.2,
ESTAT:TESOV110(1.0),06/12/24 23:00:00,Annual,Employed persons,Percentage,18 years or over,Total,Luxembourg,2014,11.1,
ESTAT:TESOV110(1.0),06/12/24 23:00:00,Annual,Employed persons,Percentage,18 years or over,Total,Luxembourg,2015,11.6,
ESTAT:TESOV110(1.0),06/12/24 23:00:00,Annual,Employed persons,Percentage,18 years or over,Total,Luxembourg,2016,10.9,b
ESTAT:TESOV110(1.0),06/12/24 23:00:00,Annual,Employed persons,Percentage,18 years or over,Total,Luxembourg,2017,10.8,
ESTAT:TESOV110(1.0),06/12/24 23:00:00,Annual,Employed persons,Percentage,18 years or over,Total,Luxembourg,2018,11.5,
ESTAT:TESOV110(1.0),06/12/24 23:00:00,Annual,Employed persons,Percentage,18 years or over,Total,Luxembourg,2019,12.1,
ESTAT:TESOV110(1.0),06/12/24 23:00:00,Annual,Employed persons,Percentage,18 years or over,Total,Luxembourg,2020,11.9,b
ESTAT:TESOV110(1.0),06/12/24 23:00:00,Annual,Employed persons,Percentage,18 years or over,Total,Luxembourg,2021,13.5,b
ESTAT:TESOV110(1.0),06/12/24 23:00:00,Annual,Employed persons,Percentage,18 years or over,Total,Luxembourg,2022,12.9,b
ESTAT:TESOV110(1.0),06/12/24 23:00:00,Annual,Employed persons,Percentage,18 years or over,Total,Luxembourg,2023,14.8,
ESTAT:TESOV110(1.0),06/12/24 23:00:00,Annual,Employed persons,Percentage,18 years or over,Total,Latvia,2005,9.0,
ESTAT:TESOV110(1.0),06/12/24 23:00:00,Annual,Employed persons,Percentage,18 years or over,Total,Latvia,2006,11.1,
ESTAT:TESOV110(1.0),06/12/24 23:00:00,Annual,Employed persons,Percentage,18 years or over,Total,Latvia,2007,9.2,
ESTAT:TESOV110(1.0),06/12/24 23:00:00,Annual,Employed persons,Percentage,18 years or over,Total,Latvia,2008,10.5,
ESTAT:TESOV110(1.0),06/12/24 23:00:00,Annual,Employed persons,Percentage,18 years or over,Total,Latvia,2009,10.8,
ESTAT:TESOV110(1.0),06/12/24 23:00:00,Annual,Employed persons,Percentage,18 years or over,Total,Latvia,2010,9.4,
ESTAT:TESOV110(1.0),06/12/24 23:00:00,Annual,Employed persons,Percentage,18 years or over,Total,Latvia,2011,9.3,
ESTAT:TESOV110(1.0),06/12/24 23:00:00,Annual,Employed persons,Percentage,18 years or over,Total,Latvia,2012,8.6,
ESTAT:TESOV110(1.0),06/12/24 23:00:00,Annual,Employed persons,Percentage,18 years or over,Total,Latvia,2013,8.9,
ESTAT:TESOV110(1.0),06/12/24 23:00:00,Annual,Employed persons,Percentage,18 years or over,Total,Latvia,2014,8.1,
ESTAT:TESOV110(1.0),06/12/24 23:00:00,Annual,Employed persons,Percentage,18 years or over,Total,Latvia,2015,9.2,
ESTAT:TESOV110(1.0),06/12/24 23:00:00,Annual,Employed persons,Percentage,18 years or over,Total,Latvia,2016,8.3,
ESTAT:TESOV110(1.0),06/12/24 23:00:00,Annual,Employed persons,Percentage,18 years or over,Total,Latvia,2017,8.8,
ESTAT:TESOV110(1.0),06/12/24 23:00:00,Annual,Employed persons,Percentage,18 years or over,Total,Latvia,2018,8.1,
ESTAT:TESOV110(1.0),06/12/24 23:00:00,Annual,Employed persons,Percentage,18 years or over,Total,Latvia,2019,8.5,
ESTAT:TESOV110(1.0),06/12/24 23:00:00,Annual,Employed persons,Percentage,18 years or over,Total,Latvia,2020,8.2,
ESTAT:TESOV110(1.0),06/12/24 23:00:00,Annual,Employed persons,Percentage,18 years or over,Total,Latvia,2021,9.8,
ESTAT:TESOV110(1.0),06/12/24 23:00:00,Annual,Employed persons,Percentage,18 years or over,Total,Latvia,2022,9.2,
ESTAT:TESOV110(1.0),06/12/24 23:00:00,Annual,Employed persons,Percentage,18 years or over,Total,Latvia,2023,9.2,
ESTAT:TESOV110(1.0),06/12/24 23:00:00,Annual,Employed persons,Percentage,18 years or over,Total,Montenegro,2013,5.9,
ESTAT:TESOV110(1.0),06/12/24 23:00:00,Annual,Employed persons,Percentage,18 years or over,Total,Montenegro,2014,7.8,
ESTAT:TESOV110(1.0),06/12/24 23:00:00,Annual,Employed persons,Percentage,18 years or over,Total,Montenegro,2015,7.7,
ESTAT:TESOV110(1.0),06/12/24 23:00:00,Annual,Employed persons,Percentage,18 years or over,Total,Montenegro,2016,7.6,
ESTAT:TESOV110(1.0),06/12/24 23:00:00,Annual,Employed persons,Percentage,18 years or over,Total,Montenegro,2017,7.6,
ESTAT:TESOV110(1.0),06/12/24 23:00:00,Annual,Employed persons,Percentage,18 years or over,Total,Montenegro,2018,7.3,
ESTAT:TESOV110(1.0),06/12/24 23:00:00,Annual,Employed persons,Percentage,18 years or over,Total,Montenegro,2019,9.0,
ESTAT:TESOV110(1.0),06/12/24 23:00:00,Annual,Employed persons,Percentage,18 years or over,Total,Montenegro,2020,9.8,
ESTAT:TESOV110(1.0),06/12/24 23:00:00,Annual,Employed persons,Percentage,18 years or over,Total,Montenegro,2021,6.5,
ESTAT:TESOV110(1.0),06/12/24 23:00:00,Annual,Employed persons,Percentage,18 years or over,Total,Montenegro,2022,5.7,
ESTAT:TESOV110(1.0),06/12/24 23:00:00,Annual,Employed persons,Percentage,18 years or over,Total,North Macedonia,2011,10.2,
ESTAT:TESOV110(1.0),06/12/24 23:00:00,Annual,Employed persons,Percentage,18 years or over,Total,North Macedonia,2012,11.1,
ESTAT:TESOV110(1.0),06/12/24 23:00:00,Annual,Employed persons,Percentage,18 years or over,Total,North Macedonia,2013,11.1,
ESTAT:TESOV110(1.0),06/12/24 23:00:00,Annual,Employed persons,Percentage,18 years or over,Total,North Macedonia,2014,9.8,
ESTAT:TESOV110(1.0),06/12/24 23:00:00,Annual,Employed persons,Percentage,18 years or over,Total,North Macedonia,2015,8.9,
ESTAT:TESOV110(1.0),06/12/24 23:00:00,Annual,Employed persons,Percentage,18 years or over,Total,North Macedonia,2016,9.0,
ESTAT:TESOV110(1.0),06/12/24 23:00:00,Annual,Employed persons,Percentage,18 years or over,Total,North Macedonia,2017,9.0,
ESTAT:TESOV110(1.0),06/12/24 23:00:00,Annual,Employed persons,Percentage,18 years or over,Total,North Macedonia,2018,8.8,
ESTAT:TESOV110(1.0),06/12/24 23:00:00,Annual,Employed persons,Percentage,18 years or over,Total,North Macedonia,2019,8.5,
ESTAT:TESOV110(1.0),06/12/24 23:00:00,Annual,Employed persons,Percentage,18 years or over,Total,North Macedonia,2020,7.9,
ESTAT:TESOV110(1.0),06/12/24 23:00:00,Annual,Employed persons,Percentage,18 years or over,Total,Malta,2005,4.3,
ESTAT:TESOV110(1.0),06/12/24 23:00:00,Annual,Employed persons,Percentage,18 years or over,Total,Malta,2006,4.1,
ESTAT:TESOV110(1.0),06/12/24 23:00:00,Annual,Employed persons,Percentage,18 years or over,Total,Malta,2007,4.6,
ESTAT:TESOV110(1.0),06/12/24 23:00:00,Annual,Employed persons,Percentage,18 years or over,Total,Malta,2008,5.1,
ESTAT:TESOV110(1.0),06/12/24 23:00:00,Annual,Employed persons,Percentage,18 years or over,Total,Malta,2009,5.4,
ESTAT:TESOV110(1.0),06/12/24 23:00:00,Annual,Employed persons,Percentage,18 years or over,Total,Malta,2010,5.9,
ESTAT:TESOV110(1.0),06/12/24 23:00:00,Annual,Employed persons,Percentage,18 years or over,Total,Malta,2011,6.1,
ESTAT:TESOV110(1.0),06/12/24 23:00:00,Annual,Employed persons,Percentage,18 years or over,Total,Malta,2012,5.2,
ESTAT:TESOV110(1.0),06/12/24 23:00:00,Annual,Employed persons,Percentage,18 years or over,Total,Malta,2013,5.7,
ESTAT:TESOV110(1.0),06/12/24 23:00:00,Annual,Employed persons,Percentage,18 years or over,Total,Malta,2014,5.5,
ESTAT:TESOV110(1.0),06/12/24 23:00:00,Annual,Employed persons,Percentage,18 years or over,Total,Malta,2015,5.5,
ESTAT:TESOV110(1.0),06/12/24 23:00:00,Annual,Employed persons,Percentage,18 years or over,Total,Malta,2016,5.9,
ESTAT:TESOV110(1.0),06/12/24 23:00:00,Annual,Employed persons,Percentage,18 years or over,Total,Malta,2017,5.7,
ESTAT:TESOV110(1.0),06/12/24 23:00:00,Annual,Employed persons,Percentage,18 years or over,Total,Malta,2018,6.4,
ESTAT:TESOV110(1.0),06/12/24 23:00:00,Annual,Employed persons,Percentage,18 years or over,Total,Malta,2019,6.5,
ESTAT:TESOV110(1.0),06/12/24 23:00:00,Annual,Employed persons,Percentage,18 years or over,Total,Malta,2020,7.4,
ESTAT:TESOV110(1.0),06/12/24 23:00:00,Annual,Employed persons,Percentage,18 years or over,Total,Malta,2021,7.3,
ESTAT:TESOV110(1.0),06/12/24 23:00:00,Annual,Employed persons,Percentage,18 years or over,Total,Malta,2022,7.1,
ESTAT:TESOV110(1.0),06/12/24 23:00:00,Annual,Employed persons,Percentage,18 years or over,Total,Malta,2023,7.6,
ESTAT:TESOV110(1.0),06/12/24 23:00:00,Annual,Employed persons,Percentage,18 years or over,Total,Netherlands,2005,5.8,
ESTAT:TESOV110(1.0),06/12/24 23:00:00,Annual,Employed persons,Percentage,18 years or over,Total,Netherlands,2006,4.4,
ESTAT:TESOV110(1.0),06/12/24 23:00:00,Annual,Employed persons,Percentage,18 years or over,Total,Netherlands,2007,4.6,
ESTAT:TESOV110(1.0),06/12/24 23:00:00,Annual,Employed persons,Percentage,18 years or over,Total,Netherlands,2008,4.8,
ESTAT:TESOV110(1.0),06/12/24 23:00:00,Annual,Employed persons,Percentage,18 years or over,Total,Netherlands,2009,5.0,
ESTAT:TESOV110(1.0),06/12/24 23:00:00,Annual,Employed persons,Percentage,18 years or over,Total,Netherlands,2010,5.1,
ESTAT:TESOV110(1.0),06/12/24 23:00:00,Annual,Employed persons,Percentage,18 years or over,Total,Netherlands,2011,5.4,
ESTAT:TESOV110(1.0),06/12/24 23:00:00,Annual,Employed persons,Percentage,18 years or over,Total,Netherlands,2012,4.6,
ESTAT:TESOV110(1.0),06/12/24 23:00:00,Annual,Employed persons,Percentage,18 years or over,Total,Netherlands,2013,4.5,
ESTAT:TESOV110(1.0),06/12/24 23:00:00,Annual,Employed persons,Percentage,18 years or over,Total,Netherlands,2014,5.3,
ESTAT:TESOV110(1.0),06/12/24 23:00:00,Annual,Employed persons,Percentage,18 years or over,Total,Netherlands,2015,5.0,
ESTAT:TESOV110(1.0),06/12/24 23:00:00,Annual,Employed persons,Percentage,18 years or over,Total,Netherlands,2016,5.6,b
ESTAT:TESOV110(1.0),06/12/24 23:00:00,Annual,Employed persons,Percentage,18 years or over,Total,Netherlands,2017,6.1,
ESTAT:TESOV110(1.0),06/12/24 23:00:00,Annual,Employed persons,Percentage,18 years or over,Total,Netherlands,2018,6.1,
ESTAT:TESOV110(1.0),06/12/24 23:00:00,Annual,Employed persons,Percentage,18 years or over,Total,Netherlands,2019,5.5,
ESTAT:TESOV110(1.0),06/12/24 23:00:00,Annual,Employed persons,Percentage,18 years or over,Total,Netherlands,2020,5.6,
ESTAT:TESOV110(1.0),06/12/24 23:00:00,Annual,Employed persons,Percentage,18 years or over,Total,Netherlands,2021,5.2,
ESTAT:TESOV110(1.0),06/12/24 23:00:00,Annual,Employed persons,Percentage,18 years or over,Total,Netherlands,2022,5.0,
ESTAT:TESOV110(1.0),06/12/24 23:00:00,Annual,Employed persons,Percentage,18 years or over,Total,Netherlands,2023,5.2,
ESTAT:TESOV110(1.0),06/12/24 23:00:00,Annual,Employed persons,Percentage,18 years or over,Total,Norway,2005,4.5,
ESTAT:TESOV110(1.0),06/12/24 23:00:00,Annual,Employed persons,Percentage,18 years or over,Total,Norway,2006,6.1,
ESTAT:TESOV110(1.0),06/12/24 23:00:00,Annual,Employed persons,Percentage,18 years or over,Total,Norway,2007,5.8,
ESTAT:TESOV110(1.0),06/12/24 23:00:00,Annual,Employed persons,Percentage,18 years or over,Total,Norway,2008,5.4,
ESTAT:TESOV110(1.0),06/12/24 23:00:00,Annual,Employed persons,Percentage,18 years or over,Total,Norway,2009,5.6,
ESTAT:TESOV110(1.0),06/12/24 23:00:00,Annual,Employed persons,Percentage,18 years or over,Total,Norway,2010,5.2,
ESTAT:TESOV110(1.0),06/12/24 23:00:00,Annual,Employed persons,Percentage,18 years or over,Total,Norway,2011,5.6,
ESTAT:TESOV110(1.0),06/12/24 23:00:00,Annual,Employed persons,Percentage,18 years or over,Total,Norway,2012,5.0,
ESTAT:TESOV110(1.0),06/12/24 23:00:00,Annual,Employed persons,Percentage,18 years or over,Total,Norway,2013,5.6,
ESTAT:TESOV110(1.0),06/12/24 23:00:00,Annual,Employed persons,Percentage,18 years or over,Total,Norway,2014,5.0,
ESTAT:TESOV110(1.0),06/12/24 23:00:00,Annual,Employed persons,Percentage,18 years or over,Total,Norway,2015,5.5,
ESTAT:TESOV110(1.0),06/12/24 23:00:00,Annual,Employed persons,Percentage,18 years or over,Total,Norway,2016,5.7,
ESTAT:TESOV110(1.0),06/12/24 23:00:00,Annual,Employed persons,Percentage,18 years or over,Total,Norway,2017,5.8,
ESTAT:TESOV110(1.0),06/12/24 23:00:00,Annual,Employed persons,Percentage,18 years or over,Total,Norway,2018,6.0,
ESTAT:TESOV110(1.0),06/12/24 23:00:00,Annual,Employed persons,Percentage,18 years or over,Total,Norway,2019,6.3,
ESTAT:TESOV110(1.0),06/12/24 23:00:00,Annual,Employed persons,Percentage,18 years or over,Total,Norway,2020,5.9,
ESTAT:TESOV110(1.0),06/12/24 23:00:00,Annual,Employed persons,Percentage,18 years or over,Total,Norway,2021,5.9,b
ESTAT:TESOV110(1.0),06/12/24 23:00:00,Annual,Employed persons,Percentage,18 years or over,Total,Norway,2022,5.9,
ESTAT:TESOV110(1.0),06/12/24 23:00:00,Annual,Employed persons,Percentage,18 years or over,Total,Norway,2023,5.5,b
ESTAT:TESOV110(1.0),06/12/24 23:00:00,Annual,Employed persons,Percentage,18 years or over,Total,Poland,2005,13.8,
ESTAT:TESOV110(1.0),06/12/24 23:00:00,Annual,Employed persons,Percentage,18 years or over,Total,Poland,2006,12.8,
ESTAT:TESOV110(1.0),06/12/24 23:00:00,Annual,Employed persons,Percentage,18 years or over,Total,Poland,2007,11.7,
ESTAT:TESOV110(1.0),06/12/24 23:00:00,Annual,Employed persons,Percentage,18 years or over,Total,Poland,2008,11.5,
ESTAT:TESOV110(1.0),06/12/24 23:00:00,Annual,Employed persons,Percentage,18 years or over,Total,Poland,2009,11.0,
ESTAT:TESOV110(1.0),06/12/24 23:00:00,Annual,Employed persons,Percentage,18 years or over,Total,Poland,2010,11.4,
ESTAT:TESOV110(1.0),06/12/24 23:00:00,Annual,Employed persons,Percentage,18 years or over,Total,Poland,2011,11.1,
ESTAT:TESOV110(1.0),06/12/24 23:00:00,Annual,Employed persons,Percentage,18 years or over,Total,Poland,2012,10.4,
ESTAT:TESOV110(1.0),06/12/24 23:00:00,Annual,Employed persons,Percentage,18 years or over,Total,Poland,2013,10.7,
ESTAT:TESOV110(1.0),06/12/24 23:00:00,Annual,Employed persons,Percentage,18 years or over,Total,Poland,2014,10.6,
ESTAT:TESOV110(1.0),06/12/24 23:00:00,Annual,Employed persons,Percentage,18 years or over,Total,Poland,2015,11.2,
ESTAT:TESOV110(1.0),06/12/24 23:00:00,Annual,Employed persons,Percentage,18 years or over,Total,Poland,2016,10.8,
ESTAT:TESOV110(1.0),06/12/24 23:00:00,Annual,Employed persons,Percentage,18 years or over,Total,Poland,2017,9.9,
ESTAT:TESOV110(1.0),06/12/24 23:00:00,Annual,Employed persons,Percentage,18 years or over,Total,Poland,2018,9.7,
ESTAT:TESOV110(1.0),06/12/24 23:00:00,Annual,Employed persons,Percentage,18 years or over,Total,Poland,2019,9.7,
ESTAT:TESOV110(1.0),06/12/24 23:00:00,Annual,Employed persons,Percentage,18 years or over,Total,Poland,2020,9.6,
ESTAT:TESOV110(1.0),06/12/24 23:00:00,Annual,Employed persons,Percentage,18 years or over,Total,Poland,2021,8.9,
ESTAT:TESOV110(1.0),06/12/24 23:00:00,Annual,Employed persons,Percentage,18 years or over,Total,Poland,2022,9.1,
ESTAT:TESOV110(1.0),06/12/24 23:00:00,Annual,Employed persons,Percentage,18 years or over,Total,Poland,2023,9.0,
ESTAT:TESOV110(1.0),06/12/24 23:00:00,Annual,Employed persons,Percentage,18 years or over,Total,Portugal,2005,11.9,
ESTAT:TESOV110(1.0),06/12/24 23:00:00,Annual,Employed persons,Percentage,18 years or over,Total,Portugal,2006,11.2,
ESTAT:TESOV110(1.0),06/12/24 23:00:00,Annual,Employed persons,Percentage,18 years or over,Total,Portugal,2007,9.7,
ESTAT:TESOV110(1.0),06/12/24 23:00:00,Annual,Employed persons,Percentage,18 years or over,Total,Portugal,2008,11.8,
ESTAT:TESOV110(1.0),06/12/24 23:00:00,Annual,Employed persons,Percentage,18 years or over,Total,Portugal,2009,10.3,
ESTAT:TESOV110(1.0),06/12/24 23:00:00,Annual,Employed persons,Percentage,18 years or over,Total,Portugal,2010,9.7,
ESTAT:TESOV110(1.0),06/12/24 23:00:00,Annual,Employed persons,Percentage,18 years or over,Total,Portugal,2011,10.3,
ESTAT:TESOV110(1.0),06/12/24 23:00:00,Annual,Employed persons,Percentage,18 years or over,Total,Portugal,2012,9.9,
ESTAT:TESOV110(1.0),06/12/24 23:00:00,Annual,Employed persons,Percentage,18 years or over,Total,Portugal,2013,10.5,
ESTAT:TESOV110(1.0),06/12/24 23:00:00,Annual,Employed persons,Percentage,18 years or over,Total,Portugal,2014,10.7,
ESTAT:TESOV110(1.0),06/12/24 23:00:00,Annual,Employed persons,Percentage,18 years or over,Total,Portugal,2015,10.9,
ESTAT:TESOV110(1.0),06/12/24 23:00:00,Annual,Employed persons,Percentage,18 years or over,Total,Portugal,2016,10.9,
ESTAT:TESOV110(1.0),06/12/24 23:00:00,Annual,Employed persons,Percentage,18 years or over,Total,Portugal,2017,10.8,
ESTAT:TESOV110(1.0),06/12/24 23:00:00,Annual,Employed persons,Percentage,18 years or over,Total,Portugal,2018,9.7,
ESTAT:TESOV110(1.0),06/12/24 23:00:00,Annual,Employed persons,Percentage,18 years or over,Total,Portugal,2019,10.8,
ESTAT:TESOV110(1.0),06/12/24 23:00:00,Annual,Employed persons,Percentage,18 years or over,Total,Portugal,2020,9.5,
ESTAT:TESOV110(1.0),06/12/24 23:00:00,Annual,Employed persons,Percentage,18 years or over,Total,Portugal,2021,11.2,
ESTAT:TESOV110(1.0),06/12/24 23:00:00,Annual,Employed persons,Percentage,18 years or over,Total,Portugal,2022,10.3,
ESTAT:TESOV110(1.0),06/12/24 23:00:00,Annual,Employed persons,Percentage,18 years or over,Total,Portugal,2023,10.0,
ESTAT:TESOV110(1.0),06/12/24 23:00:00,Annual,Employed persons,Percentage,18 years or over,Total,Romania,2007,17.4,
ESTAT:TESOV110(1.0),06/12/24 23:00:00,Annual,Employed persons,Percentage,18 years or over,Total,Romania,2008,17.7,
ESTAT:TESOV110(1.0),06/12/24 23:00:00,Annual,Employed persons,Percentage,18 years or over,Total,Romania,2009,17.4,
ESTAT:TESOV110(1.0),06/12/24 23:00:00,Annual,Employed persons,Percentage,18 years or over,Total,Romania,2010,17.9,
ESTAT:TESOV110(1.0),06/12/24 23:00:00,Annual,Employed persons,Percentage,18 years or over,Total,Romania,2011,19.1,
ESTAT:TESOV110(1.0),06/12/24 23:00:00,Annual,Employed persons,Percentage,18 years or over,Total,Romania,2012,19.0,
ESTAT:TESOV110(1.0),06/12/24 23:00:00,Annual,Employed persons,Percentage,18 years or over,Total,Romania,2013,18.4,
ESTAT:TESOV110(1.0),06/12/24 23:00:00,Annual,Employed persons,Percentage,18 years or over,Total,Romania,2014,19.8,
ESTAT:TESOV110(1.0),06/12/24 23:00:00,Annual,Employed persons,Percentage,18 years or over,Total,Romania,2015,18.8,
ESTAT:TESOV110(1.0),06/12/24 23:00:00,Annual,Employed persons,Percentage,18 years or over,Total,Romania,2016,18.9,
ESTAT:TESOV110(1.0),06/12/24 23:00:00,Annual,Employed persons,Percentage,18 years or over,Total,Romania,2017,17.4,
ESTAT:TESOV110(1.0),06/12/24 23:00:00,Annual,Employed persons,Percentage,18 years or over,Total,Romania,2018,15.3,
ESTAT:TESOV110(1.0),06/12/24 23:00:00,Annual,Employed persons,Percentage,18 years or over,Total,Romania,2019,15.7,
ESTAT:TESOV110(1.0),06/12/24 23:00:00,Annual,Employed persons,Percentage,18 years or over,Total,Romania,2020,14.9,
ESTAT:TESOV110(1.0),06/12/24 23:00:00,Annual,Employed persons,Percentage,18 years or over,Total,Romania,2021,15.5,
ESTAT:TESOV110(1.0),06/12/24 23:00:00,Annual,Employed persons,Percentage,18 years or over,Total,Romania,2022,14.5,
ESTAT:TESOV110(1.0),06/12/24 23:00:00,Annual,Employed persons,Percentage,18 years or over,Total,Romania,2023,15.3,
ESTAT:TESOV110(1.0),06/12/24 23:00:00,Annual,Employed persons,Percentage,18 years or over,Total,Serbia,2013,14.9,
ESTAT:TESOV110(1.0),06/12/24 23:00:00,Annual,Employed persons,Percentage,18 years or over,Total,Serbia,2014,14.0,
ESTAT:TESOV110(1.0),06/12/24 23:00:00,Annual,Employed persons,Percentage,18 years or over,Total,Serbia,2015,13.3,
ESTAT:TESOV110(1.0),06/12/24 23:00:00,Annual,Employed persons,Percentage,18 years or over,Total,Serbia,2016,11.9,
ESTAT:TESOV110(1.0),06/12/24 23:00:00,Annual,Employed persons,Percentage,18 years or over,Total,Serbia,2017,10.8,
ESTAT:TESOV110(1.0),06/12/24 23:00:00,Annual,Employed persons,Percentage,18 years or over,Total,Serbia,2018,10.0,
ESTAT:TESOV110(1.0),06/12/24 23:00:00,Annual,Employed persons,Percentage,18 years or over,Total,Serbia,2019,9.2,
ESTAT:TESOV110(1.0),06/12/24 23:00:00,Annual,Employed persons,Percentage,18 years or over,Total,Serbia,2020,7.8,
ESTAT:TESOV110(1.0),06/12/24 23:00:00,Annual,Employed persons,Percentage,18 years or over,Total,Serbia,2021,6.4,
ESTAT:TESOV110(1.0),06/12/24 23:00:00,Annual,Employed persons,Percentage,18 years or over,Total,Serbia,2022,6.2,
ESTAT:TESOV110(1.0),06/12/24 23:00:00,Annual,Employed persons,Percentage,18 years or over,Total,Sweden,2005,5.5,
ESTAT:TESOV110(1.0),06/12/24 23:00:00,Annual,Employed persons,Percentage,18 years or over,Total,Sweden,2006,7.4,
ESTAT:TESOV110(1.0),06/12/24 23:00:00,Annual,Employed persons,Percentage,18 years or over,Total,Sweden,2007,6.4,
ESTAT:TESOV110(1.0),06/12/24 23:00:00,Annual,Employed persons,Percentage,18 years or over,Total,Sweden,2008,7.4,b
ESTAT:TESOV110(1.0),06/12/24 23:00:00,Annual,Employed persons,Percentage,18 years or over,Total,Sweden,2009,7.5,
ESTAT:TESOV110(1.0),06/12/24 23:00:00,Annual,Employed persons,Percentage,18 years or over,Total,Sweden,2010,7.7,
ESTAT:TESOV110(1.0),06/12/24 23:00:00,Annual,Employed persons,Percentage,18 years or over,Total,Sweden,2011,7.5,
ESTAT:TESOV110(1.0),06/12/24 23:00:00,Annual,Employed persons,Percentage,18 years or over,Total,Sweden,2012,7.2,
ESTAT:TESOV110(1.0),06/12/24 23:00:00,Annual,Employed persons,Percentage,18 years or over,Total,Sweden,2013,7.6,
ESTAT:TESOV110(1.0),06/12/24 23:00:00,Annual,Employed persons,Percentage,18 years or over,Total,Sweden,2014,7.7,
ESTAT:TESOV110(1.0),06/12/24 23:00:00,Annual,Employed persons,Percentage,18 years or over,Total,Sweden,2015,8.0,
ESTAT:TESOV110(1.0),06/12/24 23:00:00,Annual,Employed persons,Percentage,18 years or over,Total,Sweden,2016,6.7,
ESTAT:TESOV110(1.0),06/12/24 23:00:00,Annual,Employed persons,Percentage,18 years or over,Total,Sweden,2017,6.9,
ESTAT:TESOV110(1.0),06/12/24 23:00:00,Annual,Employed persons,Percentage,18 years or over,Total,Sweden,2018,7.0,
ESTAT:TESOV110(1.0),06/12/24 23:00:00,Annual,Employed persons,Percentage,18 years or over,Total,Sweden,2019,7.8,
ESTAT:TESOV110(1.0),06/12/24 23:00:00,Annual,Employed persons,Percentage,18 years or over,Total,Sweden,2020,7.8,
ESTAT:TESOV110(1.0),06/12/24 23:00:00,Annual,Employed persons,Percentage,18 years or over,Total,Sweden,2021,6.7,
ESTAT:TESOV110(1.0),06/12/24 23:00:00,Annual,Employed persons,Percentage,18 years or over,Total,Sweden,2022,7.5,
ESTAT:TESOV110(1.0),06/12/24 23:00:00,Annual,Employed persons,Percentage,18 years or over,Total,Sweden,2023,7.1,
ESTAT:TESOV110(1.0),06/12/24 23:00:00,Annual,Employed persons,Percentage,18 years or over,Total,Slovenia,2005,4.6,
ESTAT:TESOV110(1.0),06/12/24 23:00:00,Annual,Employed persons,Percentage,18 years or over,Total,Slovenia,2006,4.8,
ESTAT:TESOV110(1.0),06/12/24 23:00:00,Annual,Employed persons,Percentage,18 years or over,Total,Slovenia,2007,4.7,
ESTAT:TESOV110(1.0),06/12/24 23:00:00,Annual,Employed persons,Percentage,18 years or over,Total,Slovenia,2008,5.1,
ESTAT:TESOV110(1.0),06/12/24 23:00:00,Annual,Employed persons,Percentage,18 years or over,Total,Slovenia,2009,4.8,
ESTAT:TESOV110(1.0),06/12/24 23:00:00,Annual,Employed persons,Percentage,18 years or over,Total,Slovenia,2010,5.3,
ESTAT:TESOV110(1.0),06/12/24 23:00:00,Annual,Employed persons,Percentage,18 years or over,Total,Slovenia,2011,6.0,
ESTAT:TESOV110(1.0),06/12/24 23:00:00,Annual,Employed persons,Percentage,18 years or over,Total,Slovenia,2012,6.5,
ESTAT:TESOV110(1.0),06/12/24 23:00:00,Annual,Employed persons,Percentage,18 years or over,Total,Slovenia,2013,7.1,
ESTAT:TESOV110(1.0),06/12/24 23:00:00,Annual,Employed persons,Percentage,18 years or over,Total,Slovenia,2014,6.4,
ESTAT:TESOV110(1.0),06/12/24 23:00:00,Annual,Employed persons,Percentage,18 years or over,Total,Slovenia,2015,6.7,
ESTAT:TESOV110(1.0),06/12/24 23:00:00,Annual,Employed persons,Percentage,18 years or over,Total,Slovenia,2016,6.1,
ESTAT:TESOV110(1.0),06/12/24 23:00:00,Annual,Employed persons,Percentage,18 years or over,Total,Slovenia,2017,6.6,
ESTAT:TESOV110(1.0),06/12/24 23:00:00,Annual,Employed persons,Percentage,18 years or over,Total,Slovenia,2018,6.0,
ESTAT:TESOV110(1.0),06/12/24 23:00:00,Annual,Employed persons,Percentage,18 years or over,Total,Slovenia,2019,4.5,
ESTAT:TESOV110(1.0),06/12/24 23:00:00,Annual,Employed persons,Percentage,18 years or over,Total,Slovenia,2020,5.0,
ESTAT:TESOV110(1.0),06/12/24 23:00:00,Annual,Employed persons,Percentage,18 years or over,Total,Slovenia,2021,5.0,
ESTAT:TESOV110(1.0),06/12/24 23:00:00,Annual,Employed persons,Percentage,18 years or over,Total,Slovenia,2022,4.8,
ESTAT:TESOV110(1.0),06/12/24 23:00:00,Annual,Employed persons,Percentage,18 years or over,Total,Slovenia,2023,5.7,
ESTAT:TESOV110(1.0),06/12/24 23:00:00,Annual,Employed persons,Percentage,18 years or over,Total,Slovakia,2005,8.9,
ESTAT:TESOV110(1.0),06/12/24 23:00:00,Annual,Employed persons,Percentage,18 years or over,Total,Slovakia,2006,6.3,
ESTAT:TESOV110(1.0),06/12/24 23:00:00,Annual,Employed persons,Percentage,18 years or over,Total,Slovakia,2007,4.9,
ESTAT:TESOV110(1.0),06/12/24 23:00:00,Annual,Employed persons,Percentage,18 years or over,Total,Slovakia,2008,5.8,
ESTAT:TESOV110(1.0),06/12/24 23:00:00,Annual,Employed persons,Percentage,18 years or over,Total,Slovakia,2009,5.2,
ESTAT:TESOV110(1.0),06/12/24 23:00:00,Annual,Employed persons,Percentage,18 years or over,Total,Slovakia,2010,5.7,
ESTAT:TESOV110(1.0),06/12/24 23:00:00,Annual,Employed persons,Percentage,18 years or over,Total,Slovakia,2011,6.3,
ESTAT:TESOV110(1.0),06/12/24 23:00:00,Annual,Employed persons,Percentage,18 years or over,Total,Slovakia,2012,6.2,
ESTAT:TESOV110(1.0),06/12/24 23:00:00,Annual,Employed persons,Percentage,18 years or over,Total,Slovakia,2013,5.7,
ESTAT:TESOV110(1.0),06/12/24 23:00:00,Annual,Employed persons,Percentage,18 years or over,Total,Slovakia,2014,5.7,
ESTAT:TESOV110(1.0),06/12/24 23:00:00,Annual,Employed persons,Percentage,18 years or over,Total,Slovakia,2015,6.0,
ESTAT:TESOV110(1.0),06/12/24 23:00:00,Annual,Employed persons,Percentage,18 years or over,Total,Slovakia,2016,6.5,
ESTAT:TESOV110(1.0),06/12/24 23:00:00,Annual,Employed persons,Percentage,18 years or over,Total,Slovakia,2017,6.3,
ESTAT:TESOV110(1.0),06/12/24 23:00:00,Annual,Employed persons,Percentage,18 years or over,Total,Slovakia,2018,6.0,
ESTAT:TESOV110(1.0),06/12/24 23:00:00,Annual,Employed persons,Percentage,18 years or over,Total,Slovakia,2019,4.4,
ESTAT:TESOV110(1.0),06/12/24 23:00:00,Annual,Employed persons,Percentage,18 years or over,Total,Slovakia,2020,5.2,
ESTAT:TESOV110(1.0),06/12/24 23:00:00,Annual,Employed persons,Percentage,18 years or over,Total,Slovakia,2021,6.7,
ESTAT:TESOV110(1.0),06/12/24 23:00:00,Annual,Employed persons,Percentage,18 years or over,Total,Slovakia,2022,7.1,
ESTAT:TESOV110(1.0),06/12/24 23:00:00,Annual,Employed persons,Percentage,18 years or over,Total,Slovakia,2023,9.1,
ESTAT:TESOV110(1.0),06/12/24 23:00:00,Annual,Employed persons,Percentage,18 years or over,Total,Türkiye,2006,18.2,
ESTAT:TESOV110(1.0),06/12/24 23:00:00,Annual,Employed persons,Percentage,18 years or over,Total,Türkiye,2007,17.9,
ESTAT:TESOV110(1.0),06/12/24 23:00:00,Annual,Employed persons,Percentage,18 years or over,Total,Türkiye,2008,18.4,
ESTAT:TESOV110(1.0),06/12/24 23:00:00,Annual,Employed persons,Percentage,18 years or over,Total,Türkiye,2009,18.8,
ESTAT:TESOV110(1.0),06/12/24 23:00:00,Annual,Employed persons,Percentage,18 years or over,Total,Türkiye,2010,18.0,
ESTAT:TESOV110(1.0),06/12/24 23:00:00,Annual,Employed persons,Percentage,18 years or over,Total,Türkiye,2011,16.0,
ESTAT:TESOV110(1.0),06/12/24 23:00:00,Annual,Employed persons,Percentage,18 years or over,Total,Türkiye,2012,15.3,
ESTAT:TESOV110(1.0),06/12/24 23:00:00,Annual,Employed persons,Percentage,18 years or over,Total,Türkiye,2013,14.9,
ESTAT:TESOV110(1.0),06/12/24 23:00:00,Annual,Employed persons,Percentage,18 years or over,Total,Türkiye,2014,14.4,
ESTAT:TESOV110(1.0),06/12/24 23:00:00,Annual,Employed persons,Percentage,18 years or over,Total,Türkiye,2015,13.7,
ESTAT:TESOV110(1.0),06/12/24 23:00:00,Annual,Employed persons,Percentage,18 years or over,Total,Türkiye,2016,13.5,
ESTAT:TESOV110(1.0),06/12/24 23:00:00,Annual,Employed persons,Percentage,18 years or over,Total,Türkiye,2017,12.8,
ESTAT:TESOV110(1.0),06/12/24 23:00:00,Annual,Employed persons,Percentage,18 years or over,Total,Türkiye,2018,13.1,
ESTAT:TESOV110(1.0),06/12/24 23:00:00,Annual,Employed persons,Percentage,18 years or over,Total,Türkiye,2019,13.2,
ESTAT:TESOV110(1.0),06/12/24 23:00:00,Annual,Employed persons,Percentage,18 years or over,Total,Türkiye,2020,12.9,
ESTAT:TESOV110(1.0),06/12/24 23:00:00,Annual,Employed persons,Percentage,18 years or over,Total,Türkiye,2021,12.4,
ESTAT:TESOV110(1.0),06/12/24 23:00:00,Annual,Employed persons,Percentage,18 years or over,Total,Türkiye,2022,13.0,
ESTAT:TESOV110(1.0),06/12/24 23:00:00,Annual,Employed persons,Percentage,18 years or over,Total,Türkiye,2023,11.2,
ESTAT:TESOV110(1.0),06/12/24 23:00:00,Annual,Employed persons,Percentage,18 years or over,Total,United Kingdom,2005,8.2,
ESTAT:TESOV110(1.0),06/12/24 23:00:00,Annual,Employed persons,Percentage,18 years or over,Total,United Kingdom,2006,7.8,
ESTAT:TESOV110(1.0),06/12/24 23:00:00,Annual,Employed persons,Percentage,18 years or over,Total,United Kingdom,2007,8.0,
ESTAT:TESOV110(1.0),06/12/24 23:00:00,Annual,Employed persons,Percentage,18 years or over,Total,United Kingdom,2008,8.5,
ESTAT:TESOV110(1.0),06/12/24 23:00:00,Annual,Employed persons,Percentage,18 years or over,Total,United Kingdom,2009,6.7,
ESTAT:TESOV110(1.0),06/12/24 23:00:00,Annual,Employed persons,Percentage,18 years or over,Total,United Kingdom,2010,6.8,
ESTAT:TESOV110(1.0),06/12/24 23:00:00,Annual,Employed persons,Percentage,18 years or over,Total,United Kingdom,2011,7.9,
ESTAT:TESOV110(1.0),06/12/24 23:00:00,Annual,Employed persons,Percentage,18 years or over,Total,United Kingdom,2012,9.0,b
ESTAT:TESOV110(1.0),06/12/24 23:00:00,Annual,Employed persons,Percentage,18 years or over,Total,United Kingdom,2013,8.4,
ESTAT:TESOV110(1.0),06/12/24 23:00:00,Annual,Employed persons,Percentage,18 years or over,Total,United Kingdom,2014,8.7,
ESTAT:TESOV110(1.0),06/12/24 23:00:00,Annual,Employed persons,Percentage,18 years or over,Total,United Kingdom,2015,8.1,
ESTAT:TESOV110(1.0),06/12/24 23:00:00,Annual,Employed persons,Percentage,18 years or over,Total,United Kingdom,2016,8.6,
ESTAT:TESOV110(1.0),06/12/24 23:00:00,Annual,Employed persons,Percentage,18 years or over,Total,United Kingdom,2017,8.9,b
ESTAT:TESOV110(1.0),06/12/24 23:00:00,Annual,Employed persons,Percentage,18 years or over,Total,United Kingdom,2018,10.3,
