"Country","Country code","Survey year","Prevalence (%)","Substance","Recall period","Age","Sample size","Males (%)","Females (%)"
"Austria","AT",2020,22.7,"Cannabis","Lifetime","All adults (15-64)",4650,24.8,20.6
"Austria","AT",2020,27.2,"Cannabis","Lifetime","Young adults (15-34)",1712,26.8,27.6
"Austria","AT",2020,6.3,"Cannabis","Last year","All adults (15-64)",4650,6.8,5.8
"Austria","AT",2020,11.1,"Cannabis","Last year","Young adults (15-34)",1712,10.7,11.4
"Austria","AT",2020,3.6,"Cannabis","Last month","All adults (15-64)",4650,4,3.1
"Austria","AT",2020,6.8,"Cannabis","Last month","Young adults (15-34)",1712,7.4,6.2
"Austria","AT",2022,6.2,"Cocaine","Lifetime","All adults (15-64)",5162,7.2,5.1
"Austria","AT",2022,6.9,"Cocaine","Lifetime","Young adults (15-34)",1792,7.4,6.4
"Austria","AT",2022,1.5,"Cocaine","Last year","All adults (15-64)",5162,2,1.1
"Austria","AT",2022,2.2,"Cocaine","Last year","Young adults (15-34)",1792,2.7,1.8
"Austria","AT",2022,0.8,"Cocaine","Last month","All adults (15-64)",5162,1.1,0.5
"Austria","AT",2022,1,"Cocaine","Last month","Young adults (15-34)",1792,1.1,0.8
"Austria","AT",2022,4.5,"Amphetamines","Lifetime","All adults (15-64)",5162,5.3,3.6
"Austria","AT",2022,5.4,"Amphetamines","Lifetime","Young adults (15-34)",1792,6.9,3.7
"Austria","AT",2022,0.9,"Amphetamines","Last year","All adults (15-64)",5162,1.2,0.6
"Austria","AT",2022,1.4,"Amphetamines","Last year","Young adults (15-34)",1792,1.7,1.1
"Austria","AT",2022,0.5,"Amphetamines","Last month","All adults (15-64)",5162,0.6,0.3
"Austria","AT",2022,0.5,"Amphetamines","Last month","Young adults (15-34)",1792,0.5,0.5
"Austria","AT",2022,4.9,"Ecstasy","Lifetime","All adults (15-64)",5162,5.4,4.5
"Austria","AT",2022,6.2,"Ecstasy","Lifetime","Young adults (15-34)",1792,6.9,5.3
"Austria","AT",2022,1,"Ecstasy","Last year","All adults (15-64)",5162,1.2,0.7
"Austria","AT",2022,1.5,"Ecstasy","Last year","Young adults (15-34)",1792,1.8,1.2
"Austria","AT",2022,0.5,"Ecstasy","Last month","All adults (15-64)",5162,0.5,0.4
"Austria","AT",2022,0.8,"Ecstasy","Last month","Young adults (15-34)",1792,0.9,0.7
"Austria","AT",2015,1.7,"LSD","Lifetime","All adults (15-64)",3477,1.6,1.7
"Austria","AT",2015,1.4,"LSD","Lifetime","Young adults (15-34)",1837,1.5,1.4
"Austria","AT",2015,0.3,"LSD","Last year","All adults (15-64)",3477,0.3,0.3
"Austria","AT",2015,0.3,"LSD","Last year","Young adults (15-34)",1837,0.3,0.3
"Austria","AT",2015,0,"LSD","Last month","All adults (15-64)",3477,0.1,0
"Austria","AT",2015,0.1,"LSD","Last month","Young adults (15-34)",1837,0.2,0
"Austria","AT",2020,94.9,"Alcohol","Lifetime","All adults (15-64)",4650,95.4,94.3
"Austria","AT",2020,90.1,"Alcohol","Lifetime","Young adults (15-34)",1712,89.7,90.4
"Austria","AT",2020,85.3,"Alcohol","Last year","All adults (15-64)",4650,86.2,84.4
"Austria","AT",2020,76.8,"Alcohol","Last year","Young adults (15-34)",1712,76.4,77.2
"Austria","AT",2020,77.2,"Alcohol","Last month","All adults (15-64)",4650,79.8,74.5
"Austria","AT",2020,67.4,"Alcohol","Last month","Young adults (15-34)",1712,68.9,65.7
"Austria","AT",2020,72.9,"Tobacco","Lifetime","All adults (15-64)",4650,73.5,72.4
"Austria","AT",2020,63.9,"Tobacco","Lifetime","Young adults (15-34)",1712,62,66
"Austria","AT",2015,37.5,"Tobacco","Last year","All adults (15-64)",3477,40.4,34.6
"Austria","AT",2015,41.6,"Tobacco","Last year","Young adults (15-34)",1837,42,41.2
"Austria","AT",2020,26.1,"Tobacco","Last month","All adults (15-64)",4650,27.3,24.8
"Austria","AT",2020,29.9,"Tobacco","Last month","Young adults (15-34)",1712,31.6,28.2
"Belgium","BE",2018,22.6,"Cannabis","Lifetime","All adults (15-64)",3954,28.1,17.3
"Belgium","BE",2018,32.8,"Cannabis","Lifetime","Young adults (15-34)",772,39,26.6
"Belgium","BE",2018,7,"Cannabis","Last year","All adults (15-64)",3954,10.4,3.7
"Belgium","BE",2018,13.6,"Cannabis","Last year","Young adults (15-34)",772,19.5,7.8
"Belgium","BE",2018,4.3,"Cannabis","Last month","All adults (15-64)",3954,6.7,1.9
"Belgium","BE",2018,8.1,"Cannabis","Last month","Young adults (15-34)",772,12.2,4
"Belgium","BE",2018,1.4,"Cocaine","Last year","All adults (15-64)",3954,2.2,0.5
"Belgium","BE",2018,2.9,"Cocaine","Last year","Young adults (15-34)",772,4.7,1.1
"Belgium","BE",2018,0.5,"Amphetamines","Last year","All adults (15-64)",3954,0.8,0.1
"Belgium","BE",2018,0.8,"Amphetamines","Last year","Young adults (15-34)",772,1.4,0.3
"Belgium","BE",2018,1.2,"Ecstasy","Last year","All adults (15-64)",3954,1.9,0.5
"Belgium","BE",2018,2.5,"Ecstasy","Last year","Young adults (15-34)",772,3.9,1.1
"Belgium","BE",2013,0,"LSD","Last year","All adults (15-64)",4931,0,0
"Belgium","BE",2013,0,"LSD","Last year","Young adults (15-34)",1660,0,0.1
"Belgium","BE",2008,82.1,"Alcohol","Last year","All adults (15-64)",6792,85,79.4
"Belgium","BE",2008,78.4,"Alcohol","Last year","Young adults (15-34)",2550,81.6,75.4
"Belgium","BE",2008,47.7,"Tobacco","Lifetime","All adults (15-64)",6792,53,42.6
"Belgium","BE",2008,38.5,"Tobacco","Lifetime","Young adults (15-34)",2550,42.5,34.7
"Belgium","BE",2008,27.7,"Tobacco","Last month","All adults (15-64)",6792,31.6,24.1
"Belgium","BE",2008,27,"Tobacco","Last month","Young adults (15-34)",2550,32,22.3
"Bulgaria","BG",2020,8.7,"Cannabis","Lifetime","All adults (15-64)",3838,9.5,7.8
"Bulgaria","BG",2020,17.9,"Cannabis","Lifetime","Young adults (15-34)",1401,18.2,17.6
"Bulgaria","BG",2020,2.4,"Cannabis","Last year","All adults (15-64)",3838,2.6,2.2
"Bulgaria","BG",2020,5.9,"Cannabis","Last year","Young adults (15-34)",1401,5.7,6.1
"Bulgaria","BG",2020,1,"Cannabis","Last month","All adults (15-64)",3838,1,1.1
"Bulgaria","BG",2020,2.4,"Cannabis","Last month","Young adults (15-34)",1401,1.7,3.1
"Bulgaria","BG",2020,2,"Cocaine","Lifetime","All adults (15-64)",3838,2.5,1.5
"Bulgaria","BG",2020,3.7,"Cocaine","Lifetime","Young adults (15-34)",1401,3.6,3.9
"Bulgaria","BG",2020,0.6,"Cocaine","Last year","All adults (15-64)",3838,0.7,0.5
"Bulgaria","BG",2020,1.3,"Cocaine","Last year","Young adults (15-34)",1401,1.3,1.3
"Bulgaria","BG",2020,0.2,"Cocaine","Last month","All adults (15-64)",3838,0.2,0.2
"Bulgaria","BG",2020,0.4,"Cocaine","Last month","Young adults (15-34)",1401,0.4,0.4
"Bulgaria","BG",2020,2.1,"Amphetamines","Lifetime","All adults (15-64)",3838,2.6,1.7
"Bulgaria","BG",2020,4.4,"Amphetamines","Lifetime","Young adults (15-34)",1401,4.4,4.4
"Bulgaria","BG",2020,0.7,"Amphetamines","Last year","All adults (15-64)",3838,0.8,0.6
"Bulgaria","BG",2020,1.4,"Amphetamines","Last year","Young adults (15-34)",1401,1,1.8
"Bulgaria","BG",2020,0.2,"Amphetamines","Last month","All adults (15-64)",3838,0.3,0.2
"Bulgaria","BG",2020,0.5,"Amphetamines","Last month","Young adults (15-34)",1401,0.6,0.4
"Bulgaria","BG",2020,1.3,"Ecstasy","Lifetime","All adults (15-64)",3838,1.3,1.2
"Bulgaria","BG",2020,2.6,"Ecstasy","Lifetime","Young adults (15-34)",1401,1.7,3.6
"Bulgaria","BG",2020,0.2,"Ecstasy","Last year","All adults (15-64)",3838,0.2,0.3
"Bulgaria","BG",2020,0.7,"Ecstasy","Last year","Young adults (15-34)",1401,0.4,0.9
"Bulgaria","BG",2020,0.1,"Ecstasy","Last month","All adults (15-64)",3838,0.2,0
"Bulgaria","BG",2020,0.2,"Ecstasy","Last month","Young adults (15-34)",1401,0.4,0
"Bulgaria","BG",2020,0.2,"LSD","Lifetime","All adults (15-64)",3838,0.3,0.1
"Bulgaria","BG",2020,0.4,"LSD","Lifetime","Young adults (15-34)",1401,0.4,0.4
"Bulgaria","BG",2020,0.1,"LSD","Last year","All adults (15-64)",3838,0,0.1
"Bulgaria","BG",2020,0.2,"LSD","Last year","Young adults (15-34)",1401,0,0.4
"Bulgaria","BG",2020,0,"LSD","Last month","All adults (15-64)",3838,0,0
"Bulgaria","BG",2020,0,"LSD","Last month","Young adults (15-34)",1401,0,0
"Bulgaria","BG",2020,82.2,"Alcohol","Lifetime","All adults (15-64)",3838,88.5,76.4
"Bulgaria","BG",2020,78.4,"Alcohol","Lifetime","Young adults (15-34)",1401,83.6,73.3
"Bulgaria","BG",2020,74.3,"Alcohol","Last year","All adults (15-64)",3838,82,67.2
"Bulgaria","BG",2020,71.3,"Alcohol","Last year","Young adults (15-34)",1401,78.3,64.3
"Bulgaria","BG",2020,63.7,"Alcohol","Last month","All adults (15-64)",3838,74.1,54.1
"Bulgaria","BG",2020,60,"Alcohol","Last month","Young adults (15-34)",1401,66.1,54
"Bulgaria","BG",2020,65.9,"Tobacco","Lifetime","All adults (15-64)",3838,69.9,62.3
"Bulgaria","BG",2020,63.2,"Tobacco","Lifetime","Young adults (15-34)",1401,64.3,62.1
"Bulgaria","BG",2020,50.6,"Tobacco","Last year","All adults (15-64)",3838,53.9,47.6
"Bulgaria","BG",2020,51,"Tobacco","Last year","Young adults (15-34)",1401,51.1,50.9
"Bulgaria","BG",2020,49.1,"Tobacco","Last month","All adults (15-64)",3838,52.6,45.9
"Bulgaria","BG",2020,49.3,"Tobacco","Last month","Young adults (15-34)",1401,49.8,48.9
"Croatia","HR",2019,22.9,"Cannabis","Lifetime","All adults (15-64)",4994,28.8,16.9
"Croatia","HR",2019,36,"Cannabis","Lifetime","Young adults (15-34)",1967,42.5,29.2
"Croatia","HR",2019,10.2,"Cannabis","Last year","All adults (15-64)",4994,14.2,6.2
"Croatia","HR",2019,20.3,"Cannabis","Last year","Young adults (15-34)",1967,26.8,13.4
"Croatia","HR",2019,5.6,"Cannabis","Last month","All adults (15-64)",4994,8.1,3.1
"Croatia","HR",2019,11.3,"Cannabis","Last month","Young adults (15-34)",1967,16,6.5
"Croatia","HR",2019,4.8,"Cocaine","Lifetime","All adults (15-64)",4994,7,2.5
"Croatia","HR",2019,7.5,"Cocaine","Lifetime","Young adults (15-34)",1967,10.4,4.4
"Croatia","HR",2019,1.8,"Cocaine","Last year","All adults (15-64)",4994,2.8,0.9
"Croatia","HR",2019,3.9,"Cocaine","Last year","Young adults (15-34)",1967,5.9,1.8
"Croatia","HR",2019,0.9,"Cocaine","Last month","All adults (15-64)",4994,1.4,0.4
"Croatia","HR",2019,1.7,"Cocaine","Last month","Young adults (15-34)",1967,2.7,0.7
"Croatia","HR",2019,4.6,"Amphetamines","Lifetime","All adults (15-64)",4994,6.8,2.4
"Croatia","HR",2019,7.4,"Amphetamines","Lifetime","Young adults (15-34)",1967,10.4,4.3
"Croatia","HR",2019,1.8,"Amphetamines","Last year","All adults (15-64)",4994,2.6,1
"Croatia","HR",2019,3.5,"Amphetamines","Last year","Young adults (15-34)",1967,5,1.9
"Croatia","HR",2019,0.9,"Amphetamines","Last month","All adults (15-64)",4994,1.3,0.5
"Croatia","HR",2019,1.4,"Amphetamines","Last month","Young adults (15-34)",1967,1.9,0.8
"Croatia","HR",2019,4.2,"Ecstasy","Lifetime","All adults (15-64)",4994,6.1,2.4
"Croatia","HR",2019,6.6,"Ecstasy","Lifetime","Young adults (15-34)",1967,9.6,3.6
"Croatia","HR",2019,1.2,"Ecstasy","Last year","All adults (15-64)",4994,1.9,0.5
"Croatia","HR",2019,2.6,"Ecstasy","Last year","Young adults (15-34)",1967,4.2,0.8
"Croatia","HR",2019,0.4,"Ecstasy","Last month","All adults (15-64)",4994,0.6,0.2
"Croatia","HR",2019,0.7,"Ecstasy","Last month","Young adults (15-34)",1967,1.2,0.2
"Croatia","HR",2019,1.4,"LSD","Lifetime","All adults (15-64)",4994,2,0.9
"Croatia","HR",2019,1.9,"LSD","Lifetime","Young adults (15-34)",1967,2.4,1.5
"Croatia","HR",2019,0.3,"LSD","Last year","All adults (15-64)",4994,0.5,0.2
"Croatia","HR",2019,0.6,"LSD","Last year","Young adults (15-34)",1967,0.7,0.5
"Croatia","HR",2019,0.1,"LSD","Last month","All adults (15-64)",4994,0.3,0
"Croatia","HR",2019,0,"LSD","Last month","Young adults (15-34)",1967,0.1,0
"Croatia","HR",2019,90.9,"Alcohol","Lifetime","All adults (15-64)",4994,94.1,87.6
"Croatia","HR",2019,92.8,"Alcohol","Lifetime","Young adults (15-34)",1967,93.4,92.1
"Croatia","HR",2019,83.3,"Alcohol","Last year","All adults (15-64)",4994,87.5,79
"Croatia","HR",2019,89,"Alcohol","Last year","Young adults (15-34)",1967,90.3,87.6
"Croatia","HR",2019,62.9,"Alcohol","Last month","All adults (15-64)",4994,71.6,54.2
"Croatia","HR",2019,69.4,"Alcohol","Last month","Young adults (15-34)",1967,74.1,64.5
"Croatia","HR",2019,60.6,"Tobacco","Lifetime","All adults (15-64)",4994,65.2,56.1
"Croatia","HR",2019,62,"Tobacco","Lifetime","Young adults (15-34)",1967,65.3,58.6
"Croatia","HR",2019,44,"Tobacco","Last year","All adults (15-64)",4994,46.8,41.2
"Croatia","HR",2019,50.6,"Tobacco","Last year","Young adults (15-34)",1967,54.1,47
"Croatia","HR",2019,41.5,"Tobacco","Last month","All adults (15-64)",4994,44,39
"Croatia","HR",2019,46.5,"Tobacco","Last month","Young adults (15-34)",1967,49.5,43.4
"Cyprus","CY",2022,18,"Cannabis","Lifetime","All adults (15-64)",3510,24.4,11.8
"Cyprus","CY",2022,24.7,"Cannabis","Lifetime","Young adults (15-34)",1540,31,18.2
"Cyprus","CY",2022,6,"Cannabis","Last year","All adults (15-64)",3510,8.1,4
"Cyprus","CY",2022,10.6,"Cannabis","Last year","Young adults (15-34)",1540,13.6,7.4
"Cyprus","CY",2022,3.1,"Cannabis","Last month","All adults (15-64)",3510,4.5,1.7
"Cyprus","CY",2022,5.8,"Cannabis","Last month","Young adults (15-34)",1540,8.3,3.2
"Cyprus","CY",2022,2.2,"Cocaine","Lifetime","All adults (15-64)",3510,3.5,1
"Cyprus","CY",2022,3.4,"Cocaine","Lifetime","Young adults (15-34)",1540,4.7,2.1
"Cyprus","CY",2022,0.7,"Cocaine","Last year","All adults (15-64)",3510,1,0.3
"Cyprus","CY",2022,1.1,"Cocaine","Last year","Young adults (15-34)",1540,1.7,0.5
"Cyprus","CY",2022,0.5,"Cocaine","Last month","All adults (15-64)",3510,0.9,0.1
"Cyprus","CY",2022,0.8,"Cocaine","Last month","Young adults (15-34)",1540,1.4,0.3
"Cyprus","CY",2022,0.9,"Amphetamines","Lifetime","All adults (15-64)",3510,1.2,0.7
"Cyprus","CY",2022,1.8,"Amphetamines","Lifetime","Young adults (15-34)",1540,2,1.5
"Cyprus","CY",2022,0.5,"Amphetamines","Last year","All adults (15-64)",3510,0.6,0.3
"Cyprus","CY",2022,0.9,"Amphetamines","Last year","Young adults (15-34)",1540,1.3,0.5
"Cyprus","CY",2022,0.3,"Amphetamines","Last month","All adults (15-64)",3510,0.5,0.2
"Cyprus","CY",2022,0.6,"Amphetamines","Last month","Young adults (15-34)",1540,1,0.3
"Cyprus","CY",2022,2.4,"Ecstasy","Lifetime","All adults (15-64)",3510,3.7,1.2
"Cyprus","CY",2022,3.7,"Ecstasy","Lifetime","Young adults (15-34)",1540,5.5,1.9
"Cyprus","CY",2022,0.9,"Ecstasy","Last year","All adults (15-64)",3510,1.5,0.3
"Cyprus","CY",2022,1.8,"Ecstasy","Last year","Young adults (15-34)",1540,2.9,0.5
"Cyprus","CY",2022,0.7,"Ecstasy","Last month","All adults (15-64)",3510,1.3,0.1
"Cyprus","CY",2022,1.4,"Ecstasy","Last month","Young adults (15-34)",1540,2.3,0.3
"Cyprus","CY",2022,1.5,"LSD","Lifetime","All adults (15-64)",3510,2,0.9
"Cyprus","CY",2022,2.5,"LSD","Lifetime","Young adults (15-34)",1540,3.1,2
"Cyprus","CY",2022,0.4,"LSD","Last year","All adults (15-64)",3510,0.6,0.2
"Cyprus","CY",2022,0.8,"LSD","Last year","Young adults (15-34)",1540,1.1,0.5
"Cyprus","CY",2022,0.3,"LSD","Last month","All adults (15-64)",3510,0.5,0.1
"Cyprus","CY",2022,0.5,"LSD","Last month","Young adults (15-34)",1540,0.8,0.1
"Cyprus","CY",2022,80.3,"Alcohol","Lifetime","All adults (15-64)",3510,87.5,73.3
"Cyprus","CY",2022,85.6,"Alcohol","Lifetime","Young adults (15-34)",1540,87.8,83.4
"Cyprus","CY",2022,74.4,"Alcohol","Last year","All adults (15-64)",3510,82.9,66.1
"Cyprus","CY",2022,80.8,"Alcohol","Last year","Young adults (15-34)",1540,83.7,77.7
"Cyprus","CY",2022,60.6,"Alcohol","Last month","All adults (15-64)",3510,71.8,49.7
"Cyprus","CY",2022,68,"Alcohol","Last month","Young adults (15-34)",1540,72.4,63.4
"Cyprus","CY",2022,57.8,"Tobacco","Lifetime","All adults (15-64)",3510,70.5,45.6
"Cyprus","CY",2022,59.9,"Tobacco","Lifetime","Young adults (15-34)",1540,69.6,49.7
"Cyprus","CY",2022,39.1,"Tobacco","Last year","All adults (15-64)",3510,49.7,28.8
"Cyprus","CY",2022,45.1,"Tobacco","Last year","Young adults (15-34)",1540,55.6,34.2
"Cyprus","CY",2022,38.1,"Tobacco","Last month","All adults (15-64)",3510,48.5,28
"Cyprus","CY",2022,43.8,"Tobacco","Last month","Young adults (15-34)",1540,54.2,32.9
"Czechia","CZ",2020,29.9,"Cannabis","Lifetime","All adults (15-64)",2701,38.2,21.3
"Czechia","CZ",2020,44.1,"Cannabis","Lifetime","Young adults (15-34)",927,56.7,30.8
"Czechia","CZ",2020,11.1,"Cannabis","Last year","All adults (15-64)",2701,15.9,6.2
"Czechia","CZ",2020,22.9,"Cannabis","Last year","Young adults (15-34)",927,31.9,13.3
"Czechia","CZ",2020,6.8,"Cannabis","Last month","All adults (15-64)",2701,10.8,2.6
"Czechia","CZ",2020,13.9,"Cannabis","Last month","Young adults (15-34)",927,22.1,5.3
"Czechia","CZ",2020,2.7,"Cocaine","Lifetime","All adults (15-64)",2701,3.8,1.4
"Czechia","CZ",2020,4.5,"Cocaine","Lifetime","Young adults (15-34)",927,6.5,2.4
"Czechia","CZ",2020,0.9,"Cocaine","Last year","All adults (15-64)",2701,1.3,0.5
"Czechia","CZ",2020,1.8,"Cocaine","Last year","Young adults (15-34)",927,2.7,0.9
"Czechia","CZ",2020,0.1,"Cocaine","Last month","All adults (15-64)",2701,0.1,0.2
"Czechia","CZ",2020,0.3,"Cocaine","Last month","Young adults (15-34)",927,0.2,0.4
"Czechia","CZ",2020,3.4,"Amphetamines","Lifetime","All adults (15-64)",2701,4.9,1.9
"Czechia","CZ",2020,6.1,"Amphetamines","Lifetime","Young adults (15-34)",927,8.8,3.3
"Czechia","CZ",2020,0.9,"Amphetamines","Last year","All adults (15-64)",2701,1.3,0.5
"Czechia","CZ",2020,2,"Amphetamines","Last year","Young adults (15-34)",927,2.7,1.3
"Czechia","CZ",2020,0.3,"Amphetamines","Last month","All adults (15-64)",2701,0.6,0
"Czechia","CZ",2020,0.6,"Amphetamines","Last month","Young adults (15-34)",927,1.3,0
"Czechia","CZ",2020,9.1,"Ecstasy","Lifetime","All adults (15-64)",2701,12.1,6
"Czechia","CZ",2020,18.6,"Ecstasy","Lifetime","Young adults (15-34)",927,24.2,12.6
"Czechia","CZ",2020,1.9,"Ecstasy","Last year","All adults (15-64)",2701,2.5,1.1
"Czechia","CZ",2020,4.7,"Ecstasy","Last year","Young adults (15-34)",927,6.3,3.1
"Czechia","CZ",2020,0.5,"Ecstasy","Last month","All adults (15-64)",2701,0.4,0.5
"Czechia","CZ",2020,1.3,"Ecstasy","Last month","Young adults (15-34)",927,1.1,1.6
"Czechia","CZ",2020,2.6,"LSD","Lifetime","All adults (15-64)",2701,3.3,1.9
"Czechia","CZ",2020,5.2,"LSD","Lifetime","Young adults (15-34)",927,6.3,4
"Czechia","CZ",2020,0.8,"LSD","Last year","All adults (15-64)",2701,0.9,0.7
"Czechia","CZ",2020,1.8,"LSD","Last year","Young adults (15-34)",927,2.1,1.6
"Czechia","CZ",2020,0.2,"LSD","Last month","All adults (15-64)",2701,0.3,0.1
"Czechia","CZ",2020,0.4,"LSD","Last month","Young adults (15-34)",927,0.8,0
"Czechia","CZ",2012,84,"Alcohol","Last year","All adults (15-64)",2108,88.8,79.4
"Czechia","CZ",2012,83.8,"Alcohol","Last year","Young adults (15-34)",824,86.2,81.4
"Czechia","CZ",2012,69.9,"Alcohol","Last month","All adults (15-64)",2108,78.4,61.5
"Czechia","CZ",2012,68.8,"Alcohol","Last month","Young adults (15-34)",824,73.7,63.8
"Czechia","CZ",2012,68.3,"Tobacco","Lifetime","All adults (15-64)",2108,75,61.7
"Czechia","CZ",2012,70.4,"Tobacco","Lifetime","Young adults (15-34)",824,72.1,68.6
"Czechia","CZ",2012,40.7,"Tobacco","Last year","All adults (15-64)",2108,46.5,35
"Czechia","CZ",2012,47.1,"Tobacco","Last year","Young adults (15-34)",824,51.3,42.7
"Czechia","CZ",2012,34.4,"Tobacco","Last month","All adults (15-64)",2108,40.3,28.6
"Czechia","CZ",2012,37.2,"Tobacco","Last month","Young adults (15-34)",824,42.5,31.7
"Denmark","DK",2023,37.6,"Cannabis","Lifetime","All adults (15-64)",6550,45.7,29.9
"Denmark","DK",2023,41.7,"Cannabis","Lifetime","Young adults (15-34)",1872,48.1,35.3
"Denmark","DK",2023,6.6,"Cannabis","Last year","All adults (15-64)",6550,9.1,4.3
"Denmark","DK",2023,12.5,"Cannabis","Last year","Young adults (15-34)",1872,15.8,9.3
"Denmark","DK",2023,3.2,"Cannabis","Last month","All adults (15-64)",6550,4.7,1.7
"Denmark","DK",2023,5.6,"Cannabis","Last month","Young adults (15-34)",1872,7.6,3.6
"Denmark","DK",2023,9.4,"Cocaine","Lifetime","All adults (15-64)",6550,13.4,5.5
"Denmark","DK",2023,11.5,"Cocaine","Lifetime","Young adults (15-34)",1872,16.1,6.9
"Denmark","DK",2023,2.1,"Cocaine","Last year","All adults (15-64)",6550,3,1.3
"Denmark","DK",2023,4.2,"Cocaine","Last year","Young adults (15-34)",1872,5.8,2.7
"Denmark","DK",2023,0.7,"Cocaine","Last month","All adults (15-64)",6550,1.3,0.2
"Denmark","DK",2023,1.5,"Cocaine","Last month","Young adults (15-34)",1872,2.6,0.5
"Denmark","DK",2023,7.9,"Amphetamines","Lifetime","All adults (15-64)",6550,11.3,4.8
"Denmark","DK",2023,7,"Amphetamines","Lifetime","Young adults (15-34)",1872,9.5,4.5
"Denmark","DK",2023,0.6,"Amphetamines","Last year","All adults (15-64)",6550,1,0.3
"Denmark","DK",2023,1,"Amphetamines","Last year","Young adults (15-34)",1872,1.5,0.6
"Denmark","DK",2023,0.2,"Amphetamines","Last month","All adults (15-64)",6550,0.4,0
"Denmark","DK",2023,0.2,"Amphetamines","Last month","Young adults (15-34)",1872,0.4,0
"Denmark","DK",2023,5,"Ecstasy","Lifetime","All adults (15-64)",6550,7.2,3
"Denmark","DK",2023,6.9,"Ecstasy","Lifetime","Young adults (15-34)",1872,9.9,4
"Denmark","DK",2023,0.6,"Ecstasy","Last year","All adults (15-64)",6550,0.9,0.3
"Denmark","DK",2023,1.1,"Ecstasy","Last year","Young adults (15-34)",1872,1.6,0.6
"Denmark","DK",2023,0.1,"Ecstasy","Last month","All adults (15-64)",6550,0.1,0
"Denmark","DK",2023,0,"Ecstasy","Last month","Young adults (15-34)",1872,0,0
"Denmark","DK",2023,2.8,"LSD","Lifetime","All adults (15-64)",6550,4.8,0.9
"Denmark","DK",2023,3.5,"LSD","Lifetime","Young adults (15-34)",1872,6.1,1
"Denmark","DK",2023,0.5,"LSD","Last year","All adults (15-64)",6550,0.9,0.1
"Denmark","DK",2023,1.1,"LSD","Last year","Young adults (15-34)",1872,1.8,0.3
"Denmark","DK",2023,0,"LSD","Last month","All adults (15-64)",6550,0.1,0
"Denmark","DK",2023,0,"LSD","Last month","Young adults (15-34)",1872,0,0
"Estonia","EE",2018,24.5,"Cannabis","Lifetime","All adults (15-64)",2234,30.8,20.3
"Estonia","EE",2018,46,"Cannabis","Lifetime","Young adults (15-34)",757,52.5,41.5
"Estonia","EE",2018,6.6,"Cannabis","Last year","All adults (15-64)",2234,9.2,4.8
"Estonia","EE",2018,16.6,"Cannabis","Last year","Young adults (15-34)",757,22.7,12.4
"Estonia","EE",2018,2.3,"Cannabis","Last month","All adults (15-64)",2234,3.5,1.5
"Estonia","EE",2018,5.7,"Cannabis","Last month","Young adults (15-34)",757,9,3.4
"Estonia","EE",2018,5,"Cocaine","Lifetime","All adults (15-64)",2234,7,3.7
"Estonia","EE",2018,8.6,"Cocaine","Lifetime","Young adults (15-34)",757,10.4,7.3
"Estonia","EE",2018,1,"Cocaine","Last year","All adults (15-64)",2234,1.3,0.8
"Estonia","EE",2018,2.8,"Cocaine","Last year","Young adults (15-34)",757,3.2,2.5
"Estonia","EE",2018,0.3,"Cocaine","Last month","All adults (15-64)",2234,0.6,0.1
"Estonia","EE",2018,0.7,"Cocaine","Last month","Young adults (15-34)",757,1.3,0.2
"Estonia","EE",2018,6.1,"Amphetamines","Lifetime","All adults (15-64)",2234,8.6,4.4
"Estonia","EE",2018,9.1,"Amphetamines","Lifetime","Young adults (15-34)",757,12,7.1
"Estonia","EE",2018,0.9,"Amphetamines","Last year","All adults (15-64)",2234,1.7,0.5
"Estonia","EE",2018,2.1,"Amphetamines","Last year","Young adults (15-34)",757,3.9,0.9
"Estonia","EE",2018,0.4,"Amphetamines","Last month","All adults (15-64)",2234,0.9,0.1
"Estonia","EE",2018,0.8,"Amphetamines","Last month","Young adults (15-34)",757,1.9,0
"Estonia","EE",2018,5.4,"Ecstasy","Lifetime","All adults (15-64)",2234,7.5,4
"Estonia","EE",2018,10.9,"Ecstasy","Lifetime","Young adults (15-34)",757,14.4,8.5
"Estonia","EE",2018,1,"Ecstasy","Last year","All adults (15-64)",2234,1.5,0.6
"Estonia","EE",2018,2.5,"Ecstasy","Last year","Young adults (15-34)",757,3.5,1.8
"Estonia","EE",2018,0.2,"Ecstasy","Last month","All adults (15-64)",2234,0.4,0.1
"Estonia","EE",2018,0.5,"Ecstasy","Last month","Young adults (15-34)",757,1,0.2
"Estonia","EE",2018,1.9,"LSD","Lifetime","All adults (15-64)",2234,2.9,1.2
"Estonia","EE",2018,4.2,"LSD","Lifetime","Young adults (15-34)",757,6.7,2.5
"Estonia","EE",2018,0.7,"LSD","Last year","All adults (15-64)",2234,1,0.5
"Estonia","EE",2018,1.7,"LSD","Last year","Young adults (15-34)",757,2.3,1.4
"Estonia","EE",2018,0.1,"LSD","Last month","All adults (15-64)",2234,0.2,0.1
"Estonia","EE",2018,0.1,"LSD","Last month","Young adults (15-34)",757,0,0.2
"Estonia","EE",2018,85.4,"Alcohol","Last year","All adults (15-64)",2234,88.4,83.4
"Estonia","EE",2018,84.4,"Alcohol","Last year","Young adults (15-34)",757,86.2,83.2
"Estonia","EE",2018,55.3,"Tobacco","Lifetime","All adults (15-64)",2234,66.3,47.8
"Estonia","EE",2018,53.8,"Tobacco","Lifetime","Young adults (15-34)",757,60.5,49.2
"Estonia","EE",2018,26.2,"Tobacco","Last year","All adults (15-64)",2234,34.7,20.3
"Estonia","EE",2018,27.3,"Tobacco","Last year","Young adults (15-34)",757,34.3,22.3
"Finland","FI",2022,31.2,"Cannabis","Lifetime","All adults (15-64)",3556,39,22.9
"Finland","FI",2022,37.3,"Cannabis","Lifetime","Young adults (15-34)",1814,41.8,32.1
"Finland","FI",2022,9,"Cannabis","Last year","All adults (15-64)",3556,12.8,4.9
"Finland","FI",2022,15.1,"Cannabis","Last year","Young adults (15-34)",1814,18.9,10.6
"Finland","FI",2022,4.3,"Cannabis","Last month","All adults (15-64)",3556,6.2,2.3
"Finland","FI",2022,6.5,"Cannabis","Last month","Young adults (15-34)",1814,7.5,5.2
"Finland","FI",2022,5.8,"Cocaine","Lifetime","All adults (15-64)",3556,8.3,3.2
"Finland","FI",2022,8.1,"Cocaine","Lifetime","Young adults (15-34)",1814,10.6,5.2
"Finland","FI",2022,1.6,"Cocaine","Last year","All adults (15-64)",3556,2.2,1
"Finland","FI",2022,3.1,"Cocaine","Last year","Young adults (15-34)",1814,4,2.2
"Finland","FI",2022,0.5,"Cocaine","Last month","All adults (15-64)",3556,0.6,0.4
"Finland","FI",2022,1.1,"Cocaine","Last month","Young adults (15-34)",1814,1.3,0.9
"Finland","FI",2022,7.6,"Amphetamines","Lifetime","All adults (15-64)",3556,11.3,3.8
"Finland","FI",2022,10.2,"Amphetamines","Lifetime","Young adults (15-34)",1814,13.5,6.4
"Finland","FI",2022,2.3,"Amphetamines","Last year","All adults (15-64)",3556,3.3,1.4
"Finland","FI",2022,4,"Amphetamines","Last year","Young adults (15-34)",1814,4.8,3
"Finland","FI",2022,1.2,"Amphetamines","Last month","All adults (15-64)",3556,1.6,0.7
"Finland","FI",2022,1.7,"Amphetamines","Last month","Young adults (15-34)",1814,2.1,1.4
"Finland","FI",2022,6.8,"Ecstasy","Lifetime","All adults (15-64)",3556,9.4,3.9
"Finland","FI",2022,9.7,"Ecstasy","Lifetime","Young adults (15-34)",1814,12.5,6.6
"Finland","FI",2022,1.3,"Ecstasy","Last year","All adults (15-64)",3556,1.6,1
"Finland","FI",2022,2.5,"Ecstasy","Last year","Young adults (15-34)",1814,3,2.1
"Finland","FI",2022,0.3,"Ecstasy","Last month","All adults (15-64)",3556,0.4,0.3
"Finland","FI",2022,0.6,"Ecstasy","Last month","Young adults (15-34)",1814,0.6,0.7
"Finland","FI",2022,3.8,"LSD","Lifetime","All adults (15-64)",3556,5.7,1.5
"Finland","FI",2022,5.3,"LSD","Lifetime","Young adults (15-34)",1814,7.6,2.6
"Finland","FI",2022,0.8,"LSD","Last year","All adults (15-64)",3556,1.3,0.2
"Finland","FI",2022,1.3,"LSD","Last year","Young adults (15-34)",1814,2.3,0.2
"Finland","FI",2022,0.1,"LSD","Last month","All adults (15-64)",3556,0.1,0
"Finland","FI",2022,0.2,"LSD","Last month","Young adults (15-34)",1814,0.3,0
"Finland","FI",2022,93.2,"Alcohol","Lifetime","All adults (15-64)",3556,92.7,93.6
"Finland","FI",2022,88.1,"Alcohol","Lifetime","Young adults (15-34)",1814,88.8,87.2
"Finland","FI",2022,84.1,"Alcohol","Last year","All adults (15-64)",3556,85,83.2
"Finland","FI",2022,81.2,"Alcohol","Last year","Young adults (15-34)",1814,82.9,79.2
"Finland","FI",2022,68.1,"Alcohol","Last month","All adults (15-64)",3556,72.6,63.5
"Finland","FI",2022,63.9,"Alcohol","Last month","Young adults (15-34)",1814,67.8,59.3
"Finland","FI",2022,53.5,"Tobacco","Lifetime","All adults (15-64)",3556,59.6,47.3
"Finland","FI",2022,49.7,"Tobacco","Lifetime","Young adults (15-34)",1814,53.1,45.8
"France","FR",2021,47.3,"Cannabis","Lifetime","All adults (15-64)",18298,54.9,39.9
"France","FR",2021,54.5,"Cannabis","Lifetime","Young adults (15-34)",5255,60.4,48.8
"France","FR",2021,10.6,"Cannabis","Last year","All adults (15-64)",18298,14.2,7.2
"France","FR",2021,19.2,"Cannabis","Last year","Young adults (15-34)",5255,24.7,13.7
"France","FR",2021,5.9,"Cannabis","Last month","All adults (15-64)",18298,8.3,3.5
"France","FR",2021,10.3,"Cannabis","Last month","Young adults (15-34)",5255,13.9,6.7
"France","FR",2017,5.6,"Cocaine","Lifetime","All adults (15-64)",20665,8.1,3.2
"France","FR",2017,7.9,"Cocaine","Lifetime","Young adults (15-34)",5994,10.6,5.3
"France","FR",2017,1.6,"Cocaine","Last year","All adults (15-64)",20665,2.3,0.9
"France","FR",2017,3.2,"Cocaine","Last year","Young adults (15-34)",5994,4.3,2.1
"France","FR",2017,2.2,"Amphetamines","Lifetime","All adults (15-64)",20665,3.2,1.2
"France","FR",2017,3.1,"Amphetamines","Lifetime","Young adults (15-34)",5994,4.5,1.7
"France","FR",2017,0.3,"Amphetamines","Last year","All adults (15-64)",20665,0.5,0.1
"France","FR",2017,0.6,"Amphetamines","Last year","Young adults (15-34)",5994,1,0.2
"France","FR",2017,3.9,"Ecstasy","Lifetime","All adults (15-64)",20665,5.7,2.1
"France","FR",2017,5.6,"Ecstasy","Lifetime","Young adults (15-34)",5994,7.9,3.4
"France","FR",2017,0.6,"Ecstasy","Last year","All adults (15-64)",20665,0.8,0.3
"France","FR",2017,1.3,"Ecstasy","Last year","Young adults (15-34)",5994,1.8,0.8
"France","FR",2017,2.7,"LSD","Lifetime","All adults (15-64)",20665,4,1.4
"France","FR",2017,3.7,"LSD","Lifetime","Young adults (15-34)",5994,5,2.4
"France","FR",2017,0.4,"LSD","Last year","All adults (15-64)",20665,0.5,0.2
"France","FR",2017,0.8,"LSD","Last year","Young adults (15-34)",5994,1.1,0.5
"France","FR",2014,94.9,"Alcohol","Lifetime","All adults (15-64)",13488,96.3,93.5
"France","FR",2014,91.9,"Alcohol","Lifetime","Young adults (15-34)",4529,94.3,89.6
"France","FR",2014,85.8,"Alcohol","Last year","All adults (15-64)",13488,88.5,83.2
"France","FR",2014,82.8,"Alcohol","Last year","Young adults (15-34)",4529,87.6,78
"France","FR",2017,76.3,"Tobacco","Lifetime","All adults (15-64)",20665,80.5,72.3
"France","FR",2017,75,"Tobacco","Lifetime","Young adults (15-34)",5994,79.1,71
"France","FR",2017,35.7,"Tobacco","Last year","All adults (15-64)",20665,39.1,32.4
"France","FR",2017,43.1,"Tobacco","Last year","Young adults (15-34)",5994,48.2,38.2
"Germany","DE",2021,34.7,"Cannabis","Lifetime","All adults (15-64)",9046,38.9,30.2
"Germany","DE",2021,45.6,"Cannabis","Lifetime","Young adults (15-34)",4103,50.1,40.8
"Germany","DE",2021,8.8,"Cannabis","Last year","All adults (15-64)",9046,10.7,6.8
"Germany","DE",2021,17.2,"Cannabis","Last year","Young adults (15-34)",4103,19.8,14.3
"Germany","DE",2021,4.3,"Cannabis","Last month","All adults (15-64)",9046,5.7,2.9
"Germany","DE",2021,8.4,"Cannabis","Last month","Young adults (15-34)",4103,10.5,6.1
"Germany","DE",2021,5.6,"Cocaine","Lifetime","All adults (15-64)",9046,7.1,4
"Germany","DE",2021,6.9,"Cocaine","Lifetime","Young adults (15-34)",4103,8.4,5.4
"Germany","DE",2021,1.6,"Cocaine","Last year","All adults (15-64)",9046,2.1,1.1
"Germany","DE",2021,3.1,"Cocaine","Last year","Young adults (15-34)",4103,3.9,2.2
"Germany","DE",2021,0.6,"Cocaine","Last month","All adults (15-64)",9046,0.8,0.4
"Germany","DE",2021,0.9,"Cocaine","Last month","Young adults (15-34)",4103,1.2,0.6
"Germany","DE",2021,6.1,"Amphetamines","Lifetime","All adults (15-64)",9046,7.7,4.4
"Germany","DE",2021,7.9,"Amphetamines","Lifetime","Young adults (15-34)",4103,9.7,5.9
"Germany","DE",2021,1.4,"Amphetamines","Last year","All adults (15-64)",9046,1.5,1.3
"Germany","DE",2021,2.9,"Amphetamines","Last year","Young adults (15-34)",4103,3.4,2.4
"Germany","DE",2021,0.7,"Amphetamines","Last month","All adults (15-64)",9046,0.7,0.7
"Germany","DE",2021,1.3,"Amphetamines","Last month","Young adults (15-34)",4103,1.6,1
"Germany","DE",2021,5.6,"Ecstasy","Lifetime","All adults (15-64)",9046,7.1,4
"Germany","DE",2021,8,"Ecstasy","Lifetime","Young adults (15-34)",4103,9.7,6.3
"Germany","DE",2021,1,"Ecstasy","Last year","All adults (15-64)",9046,1.4,0.7
"Germany","DE",2021,2.7,"Ecstasy","Last year","Young adults (15-34)",4103,3.8,1.6
"Germany","DE",2021,0.4,"Ecstasy","Last month","All adults (15-64)",9046,0.4,0.3
"Germany","DE",2021,0.8,"Ecstasy","Last month","Young adults (15-34)",4103,1.2,0.4
"Germany","DE",2021,3.4,"LSD","Lifetime","All adults (15-64)",9046,4.8,2
"Germany","DE",2021,4.4,"LSD","Lifetime","Young adults (15-34)",4103,6,2.6
"Germany","DE",2021,0.6,"LSD","Last year","All adults (15-64)",9046,0.8,0.4
"Germany","DE",2021,1.5,"LSD","Last year","Young adults (15-34)",4103,2.1,0.9
"Germany","DE",2021,0.2,"LSD","Last month","All adults (15-64)",9046,0.2,0.2
"Germany","DE",2021,0.3,"LSD","Last month","Young adults (15-34)",4103,0.5,0.1
"Germany","DE",2021,95.3,"Alcohol","Lifetime","All adults (15-64)",9046,95.8,94.8
"Germany","DE",2021,93.2,"Alcohol","Lifetime","Young adults (15-34)",4103,93.8,92.6
"Germany","DE",2021,84.7,"Alcohol","Last year","All adults (15-64)",9046,86.5,82.8
"Germany","DE",2021,83.3,"Alcohol","Last year","Young adults (15-34)",4103,86,80.4
"Germany","DE",2021,70.5,"Alcohol","Last month","All adults (15-64)",9046,74.8,66
"Germany","DE",2021,68.4,"Alcohol","Last month","Young adults (15-34)",4103,73.1,63.3
"Germany","DE",2021,47.1,"Tobacco","Lifetime","All adults (15-64)",9046,51.8,42.3
"Germany","DE",2021,35.3,"Tobacco","Lifetime","Young adults (15-34)",4103,41.2,29.1
"Germany","DE",2021,25.2,"Tobacco","Last year","All adults (15-64)",9046,28.9,21.5
"Germany","DE",2021,26.6,"Tobacco","Last year","Young adults (15-34)",4103,32.2,20.7
"Germany","DE",2021,22.7,"Tobacco","Last month","All adults (15-64)",9046,25.7,19.5
"Germany","DE",2021,23.1,"Tobacco","Last month","Young adults (15-34)",4103,28.5,17.5
"Greece","GR",2015,11,"Cannabis","Lifetime","All adults (15-64)",1519,15.8,6.3
"Greece","GR",2015,10.6,"Cannabis","Lifetime","Young adults (15-34)",464,12,9
"Greece","GR",2015,2.8,"Cannabis","Last year","All adults (15-64)",1519,4.1,1.6
"Greece","GR",2015,4.5,"Cannabis","Last year","Young adults (15-34)",464,5.4,3.6
"Greece","GR",2015,1.3,"Cannabis","Last month","All adults (15-64)",1519,1.7,0.8
"Greece","GR",2015,2,"Cannabis","Last month","Young adults (15-34)",464,1.7,2.3
"Greece","GR",2015,1.3,"Cocaine","Lifetime","All adults (15-64)",1519,1.9,0.8
"Greece","GR",2015,1.3,"Cocaine","Lifetime","Young adults (15-34)",464,1.2,1.4
"Greece","GR",2015,0.4,"Cocaine","Last year","All adults (15-64)",1519,0.5,0.3
"Greece","GR",2015,0.6,"Cocaine","Last year","Young adults (15-34)",464,0.8,0.5
"Greece","GR",2015,0.2,"Cocaine","Last month","All adults (15-64)",1519,0.4,0
"Greece","GR",2015,0.2,"Cocaine","Last month","Young adults (15-34)",464,0.4,0
"Greece","GR",2015,0.6,"Ecstasy","Lifetime","All adults (15-64)",1519,0.9,0.3
"Greece","GR",2015,0.4,"Ecstasy","Lifetime","Young adults (15-34)",464,0.4,0.5
"Greece","GR",2015,0.2,"Ecstasy","Last year","All adults (15-64)",1519,0.3,0.1
"Greece","GR",2015,0.4,"Ecstasy","Last year","Young adults (15-34)",464,0.4,0.5
"Greece","GR",2015,0.1,"Ecstasy","Last month","All adults (15-64)",1519,0.1,0
"Greece","GR",2015,0.2,"Ecstasy","Last month","Young adults (15-34)",464,0.4,0
"Greece","GR",2015,0.5,"LSD","Lifetime","All adults (15-64)",1519,0.8,0.3
"Greece","GR",2015,0.2,"LSD","Lifetime","Young adults (15-34)",464,0,0.5
"Greece","GR",2015,0,"LSD","Last year","All adults (15-64)",1519,0,0
"Greece","GR",2015,0,"LSD","Last year","Young adults (15-34)",464,0,0
"Greece","GR",2015,0,"LSD","Last month","All adults (15-64)",1519,0,0
"Greece","GR",2015,0,"LSD","Last month","Young adults (15-34)",464,0,0
"Greece","GR",2015,97.6,"Alcohol","Lifetime","All adults (15-64)",1519,99.3,95.8
"Greece","GR",2015,98.9,"Alcohol","Lifetime","Young adults (15-34)",464,99.6,98.2
"Greece","GR",2015,92,"Alcohol","Last year","All adults (15-64)",1519,95.1,89
"Greece","GR",2015,96.6,"Alcohol","Last year","Young adults (15-34)",464,97.5,95.5
"Greece","GR",2015,65.3,"Tobacco","Lifetime","All adults (15-64)",1519,70.4,60.2
"Greece","GR",2015,57.1,"Tobacco","Lifetime","Young adults (15-34)",464,57.9,56.3
"Greece","GR",2015,41.1,"Tobacco","Last month","All adults (15-64)",1519,42.1,40
"Greece","GR",2015,38.1,"Tobacco","Last month","Young adults (15-34)",464,38.8,37.4
"Hungary","HU",2019,6.1,"Cannabis","Lifetime","All adults (15-64)",1385,8.4,4
"Hungary","HU",2019,10.8,"Cannabis","Lifetime","Young adults (15-34)",442,15.3,6.5
"Hungary","HU",2019,1.3,"Cannabis","Last year","All adults (15-64)",1385,2,0.6
"Hungary","HU",2019,3.4,"Cannabis","Last year","Young adults (15-34)",442,5.4,1
"Hungary","HU",2019,0.9,"Cannabis","Last month","All adults (15-64)",1385,1.5,0.4
"Hungary","HU",2019,2.6,"Cannabis","Last month","Young adults (15-34)",442,4.5,0.5
"Hungary","HU",2019,1.7,"Cocaine","Lifetime","All adults (15-64)",1385,1.8,1.5
"Hungary","HU",2019,2.6,"Cocaine","Lifetime","Young adults (15-34)",442,3.5,1.5
"Hungary","HU",2019,0.3,"Cocaine","Last year","All adults (15-64)",1385,0.5,0.3
"Hungary","HU",2019,0.6,"Cocaine","Last year","Young adults (15-34)",442,1.5,0
"Hungary","HU",2019,0.2,"Cocaine","Last month","All adults (15-64)",1385,0.3,0.3
"Hungary","HU",2019,0.4,"Cocaine","Last month","Young adults (15-34)",442,1,0
"Hungary","HU",2019,1.5,"Amphetamines","Lifetime","All adults (15-64)",1385,2,1.2
"Hungary","HU",2019,2.6,"Amphetamines","Lifetime","Young adults (15-34)",442,4,1
"Hungary","HU",2019,0.4,"Amphetamines","Last year","All adults (15-64)",1385,0.5,0.3
"Hungary","HU",2019,0.8,"Amphetamines","Last year","Young adults (15-34)",442,1.5,0
"Hungary","HU",2019,0.3,"Amphetamines","Last month","All adults (15-64)",1385,0.5,0.3
"Hungary","HU",2019,0.6,"Amphetamines","Last month","Young adults (15-34)",442,1.5,0
"Hungary","HU",2019,2.5,"Ecstasy","Lifetime","All adults (15-64)",1385,3.3,1.9
"Hungary","HU",2019,4.7,"Ecstasy","Lifetime","Young adults (15-34)",442,7.4,2
"Hungary","HU",2019,0.6,"Ecstasy","Last year","All adults (15-64)",1385,1.2,0.3
"Hungary","HU",2019,1.1,"Ecstasy","Last year","Young adults (15-34)",442,2.5,0
"Hungary","HU",2019,0.4,"Ecstasy","Last month","All adults (15-64)",1385,0.7,0.3
"Hungary","HU",2019,0.9,"Ecstasy","Last month","Young adults (15-34)",442,2,0
"Hungary","HU",2019,0.9,"LSD","Lifetime","All adults (15-64)",1385,1.3,0.6
"Hungary","HU",2019,1.4,"LSD","Lifetime","Young adults (15-34)",442,3,0
"Hungary","HU",2019,0.1,"LSD","Last year","All adults (15-64)",1385,0.3,0
"Hungary","HU",2019,0.4,"LSD","Last year","Young adults (15-34)",442,1,0
"Hungary","HU",2019,0.1,"LSD","Last month","All adults (15-64)",1385,0.3,0
"Hungary","HU",2019,0.4,"LSD","Last month","Young adults (15-34)",442,1,0
"Hungary","HU",2019,70.4,"Alcohol","Last year","All adults (15-64)",1385,84.6,57.2
"Hungary","HU",2019,72,"Alcohol","Last year","Young adults (15-34)",442,83,60.4
"Hungary","HU",2019,52,"Alcohol","Last month","All adults (15-64)",1385,72.4,34
"Hungary","HU",2019,54.3,"Alcohol","Last month","Young adults (15-34)",442,72.1,36.2
"Hungary","HU",2019,53.3,"Tobacco","Lifetime","All adults (15-64)",1385,62.3,45.3
"Hungary","HU",2019,51.9,"Tobacco","Lifetime","Young adults (15-34)",442,57.3,46.5
"Hungary","HU",2015,36.5,"Tobacco","Last month","All adults (15-64)",2274,45.6,28.6
"Hungary","HU",2015,35,"Tobacco","Last month","Young adults (15-34)",1534,41.9,28.9
"Ireland","IE",2019,24.4,"Cannabis","Lifetime","All adults (15-64)",,29.5,19.3
"Ireland","IE",2019,27.3,"Cannabis","Lifetime","Young adults (15-34)",,,
"Ireland","IE",2019,7.1,"Cannabis","Last year","All adults (15-64)",,9.9,4.4
"Ireland","IE",2019,13.8,"Cannabis","Last year","Young adults (15-34)",,,
"Ireland","IE",2019,3.4,"Cannabis","Last month","All adults (15-64)",,5,2
"Ireland","IE",2019,6.5,"Cannabis","Last month","Young adults (15-34)",,,
"Ireland","IE",2019,8.3,"Cocaine","Lifetime","All adults (15-64)",,11.6,5.1
"Ireland","IE",2019,10.6,"Cocaine","Lifetime","Young adults (15-34)",,,
"Ireland","IE",2019,2.3,"Cocaine","Last year","All adults (15-64)",,3.5,1.2
"Ireland","IE",2019,4.8,"Cocaine","Last year","Young adults (15-34)",,,
"Ireland","IE",2019,0.7,"Cocaine","Last month","All adults (15-64)",,1.3,0.2
"Ireland","IE",2019,1.5,"Cocaine","Last month","Young adults (15-34)",,,
"Ireland","IE",2019,4.8,"Amphetamines","Lifetime","All adults (15-64)",,7.3,2.2
"Ireland","IE",2019,5.6,"Amphetamines","Lifetime","Young adults (15-34)",,,
"Ireland","IE",2019,1,"Amphetamines","Last year","All adults (15-64)",,1.5,0.5
"Ireland","IE",2019,2.3,"Amphetamines","Last year","Young adults (15-34)",,,
"Ireland","IE",2019,0.3,"Amphetamines","Last month","All adults (15-64)",,0.4,0.1
"Ireland","IE",2019,0.7,"Amphetamines","Last month","Young adults (15-34)",,,
"Ireland","IE",2019,10.3,"Ecstasy","Lifetime","All adults (15-64)",,14.8,6
"Ireland","IE",2019,13.7,"Ecstasy","Lifetime","Young adults (15-34)",,,
"Ireland","IE",2019,2.7,"Ecstasy","Last year","All adults (15-64)",,3.9,1.6
"Ireland","IE",2019,6.5,"Ecstasy","Last year","Young adults (15-34)",,,
"Ireland","IE",2019,1.3,"Ecstasy","Last month","All adults (15-64)",,1.9,0.6
"Ireland","IE",2019,3.1,"Ecstasy","Last month","Young adults (15-34)",,,
"Ireland","IE",2019,5.7,"LSD","Lifetime","All adults (15-64)",,8.7,2.8
"Ireland","IE",2019,6.6,"LSD","Lifetime","Young adults (15-34)",,,
"Ireland","IE",2019,1.1,"LSD","Last year","All adults (15-64)",,1.8,0.3
"Ireland","IE",2019,2.4,"LSD","Last year","Young adults (15-34)",,,
"Ireland","IE",2019,0.5,"LSD","Last month","All adults (15-64)",,0.9,0.1
"Ireland","IE",2019,1.3,"LSD","Last month","Young adults (15-34)",,,
"Ireland","IE",2019,83,"Alcohol","Lifetime","All adults (15-64)",,84.5,81.6
"Ireland","IE",2019,80.3,"Alcohol","Lifetime","Young adults (15-34)",,,
"Ireland","IE",2019,77.7,"Alcohol","Last year","All adults (15-64)",,79.8,75.6
"Ireland","IE",2019,76.5,"Alcohol","Last year","Young adults (15-34)",,,
"Ireland","IE",2019,65.3,"Alcohol","Last month","All adults (15-64)",,68.6,62.1
"Ireland","IE",2019,63.2,"Alcohol","Last month","Young adults (15-34)",,,
"Ireland","IE",2019,42.4,"Tobacco","Lifetime","All adults (15-64)",,46.2,38.7
"Ireland","IE",2019,32.7,"Tobacco","Lifetime","Young adults (15-34)",,,
"Ireland","IE",2019,22.3,"Tobacco","Last year","All adults (15-64)",,26,18.7
"Ireland","IE",2019,25.6,"Tobacco","Last year","Young adults (15-34)",,,
"Ireland","IE",2019,19.5,"Tobacco","Last month","All adults (15-64)",,23.5,15.5
"Ireland","IE",2019,21,"Tobacco","Last month","Young adults (15-34)",,,
"Italy","IT",2022,34.8,"Cannabis","Lifetime","All adults (15-64)",4011,40.6,28.9
"Italy","IT",2022,46,"Cannabis","Lifetime","Young adults (15-34)",1295,50.1,41.7
"Italy","IT",2022,10.8,"Cannabis","Last year","All adults (15-64)",4011,13.2,8.3
"Italy","IT",2022,21.5,"Cannabis","Last year","Young adults (15-34)",1295,25.3,17.4
"Italy","IT",2022,5,"Cannabis","Last month","All adults (15-64)",4011,6.6,3.4
"Italy","IT",2022,8.8,"Cannabis","Last month","Young adults (15-34)",1295,11.8,5.6
"Italy","IT",2022,6.6,"Cocaine","Lifetime","All adults (15-64)",4011,8.9,4.2
"Italy","IT",2022,5.2,"Cocaine","Lifetime","Young adults (15-34)",1295,7.6,2.6
"Italy","IT",2022,1.4,"Cocaine","Last year","All adults (15-64)",4011,1.9,0.9
"Italy","IT",2022,2.1,"Cocaine","Last year","Young adults (15-34)",1295,2.9,1.3
"Italy","IT",2022,0.6,"Cocaine","Last month","All adults (15-64)",4011,0.8,0.4
"Italy","IT",2022,1,"Cocaine","Last month","Young adults (15-34)",1295,1.2,0.8
"Italy","IT",2022,2.2,"Amphetamines","Lifetime","All adults (15-64)",4011,3,1.4
"Italy","IT",2022,1.7,"Amphetamines","Lifetime","Young adults (15-34)",1295,2.4,0.9
"Italy","IT",2022,0.7,"Amphetamines","Last year","All adults (15-64)",4011,0.8,0.6
"Italy","IT",2022,1.3,"Amphetamines","Last year","Young adults (15-34)",1295,1.7,0.8
"Italy","IT",2022,0.2,"Amphetamines","Last month","All adults (15-64)",4011,0.3,0.2
"Italy","IT",2022,0.4,"Amphetamines","Last month","Young adults (15-34)",1295,0.6,0.1
"Italy","IT",2022,3.8,"Ecstasy","Lifetime","All adults (15-64)",4011,5.5,2
"Italy","IT",2022,5.2,"Ecstasy","Lifetime","Young adults (15-34)",1295,7.3,2.9
"Italy","IT",2022,0.8,"Ecstasy","Last year","All adults (15-64)",4011,1.1,0.5
"Italy","IT",2022,2.1,"Ecstasy","Last year","Young adults (15-34)",1295,3.2,0.9
"Italy","IT",2022,0.2,"Ecstasy","Last month","All adults (15-64)",4011,0.3,0.1
"Italy","IT",2022,0.5,"Ecstasy","Last month","Young adults (15-34)",1295,0.8,0.1
"Italy","IT",2022,1.9,"LSD","Lifetime","All adults (15-64)",4011,2.9,0.9
"Italy","IT",2022,1.4,"LSD","Lifetime","Young adults (15-34)",1295,2.2,0.5
"Italy","IT",2022,0.3,"LSD","Last year","All adults (15-64)",4011,0.4,0.1
"Italy","IT",2022,0.5,"LSD","Last year","Young adults (15-34)",1295,0.9,0.1
"Italy","IT",2022,0.1,"LSD","Last month","All adults (15-64)",4011,0.1,0.1
"Italy","IT",2022,0.1,"LSD","Last month","Young adults (15-34)",1295,0.2,0
"Italy","IT",2022,92.6,"Alcohol","Lifetime","All adults (15-64)",4011,96.5,88.6
"Italy","IT",2022,96,"Alcohol","Lifetime","Young adults (15-34)",1295,96.8,95.1
"Italy","IT",2022,84.8,"Alcohol","Last year","All adults (15-64)",4011,91,78.6
"Italy","IT",2022,90.8,"Alcohol","Last year","Young adults (15-34)",1295,93.3,88.1
"Italy","IT",2022,76.3,"Alcohol","Last month","All adults (15-64)",4011,84.6,68
"Italy","IT",2022,81.1,"Alcohol","Last month","Young adults (15-34)",1295,85.7,76.1
"Italy","IT",2022,62.5,"Tobacco","Lifetime","All adults (15-64)",4011,66.1,58.8
"Italy","IT",2022,62.3,"Tobacco","Lifetime","Young adults (15-34)",1295,61.7,62.9
"Italy","IT",2022,29.7,"Tobacco","Last year","All adults (15-64)",4011,32.1,27.2
"Italy","IT",2022,37.8,"Tobacco","Last year","Young adults (15-34)",1295,40.7,34.7
"Italy","IT",2022,25.7,"Tobacco","Last month","All adults (15-64)",4011,27.9,23.4
"Italy","IT",2022,30.9,"Tobacco","Last month","Young adults (15-34)",1295,34.2,27.3
"Latvia","LV",2020,15,"Cannabis","Lifetime","All adults (15-64)",4616,22,8.2
"Latvia","LV",2020,23.2,"Cannabis","Lifetime","Young adults (15-34)",1627,30.3,15.6
"Latvia","LV",2020,3.9,"Cannabis","Last year","All adults (15-64)",4616,6.1,1.8
"Latvia","LV",2020,8.2,"Cannabis","Last year","Young adults (15-34)",1627,12,4.3
"Latvia","LV",2020,2.1,"Cannabis","Last month","All adults (15-64)",4616,3.4,0.9
"Latvia","LV",2020,4.4,"Cannabis","Last month","Young adults (15-34)",1627,6.7,1.8
"Latvia","LV",2020,2.7,"Cocaine","Lifetime","All adults (15-64)",4616,4.1,1.5
"Latvia","LV",2020,4.2,"Cocaine","Lifetime","Young adults (15-34)",1627,5.4,2.9
"Latvia","LV",2020,1.3,"Cocaine","Last year","All adults (15-64)",4616,1.7,0.9
"Latvia","LV",2020,2.2,"Cocaine","Last year","Young adults (15-34)",1627,2.7,1.7
"Latvia","LV",2020,1.1,"Cocaine","Last month","All adults (15-64)",4616,1.3,0.8
"Latvia","LV",2020,2,"Cocaine","Last month","Young adults (15-34)",1627,2.4,1.7
"Latvia","LV",2020,1.8,"Amphetamines","Lifetime","All adults (15-64)",4616,2.5,1.2
"Latvia","LV",2020,2.6,"Amphetamines","Lifetime","Young adults (15-34)",1627,3,2.2
"Latvia","LV",2020,0.6,"Amphetamines","Last year","All adults (15-64)",4616,0.8,0.4
"Latvia","LV",2020,1.2,"Amphetamines","Last year","Young adults (15-34)",1627,1.4,0.9
"Latvia","LV",2020,0.5,"Amphetamines","Last month","All adults (15-64)",4616,0.7,0.3
"Latvia","LV",2020,0.9,"Amphetamines","Last month","Young adults (15-34)",1627,1.1,0.8
"Latvia","LV",2020,1.9,"Ecstasy","Lifetime","All adults (15-64)",4616,2.7,1.2
"Latvia","LV",2020,3.4,"Ecstasy","Lifetime","Young adults (15-34)",1627,4,2.8
"Latvia","LV",2020,0.7,"Ecstasy","Last year","All adults (15-64)",4616,0.9,0.5
"Latvia","LV",2020,1.6,"Ecstasy","Last year","Young adults (15-34)",1627,1.9,1.4
"Latvia","LV",2020,0.6,"Ecstasy","Last month","All adults (15-64)",4616,0.8,0.4
"Latvia","LV",2020,1.3,"Ecstasy","Last month","Young adults (15-34)",1627,1.5,1
"Latvia","LV",2020,1.4,"LSD","Lifetime","All adults (15-64)",4616,2.1,0.7
"Latvia","LV",2020,2.5,"LSD","Lifetime","Young adults (15-34)",1627,3.5,1.4
"Latvia","LV",2020,0.6,"LSD","Last year","All adults (15-64)",4616,1,0.3
"Latvia","LV",2020,1.4,"LSD","Last year","Young adults (15-34)",1627,2.1,0.6
"Latvia","LV",2020,0.4,"LSD","Last month","All adults (15-64)",4616,0.5,0.2
"Latvia","LV",2020,0.9,"LSD","Last month","Young adults (15-34)",1627,1.2,0.5
"Latvia","LV",2020,91.1,"Alcohol","Lifetime","All adults (15-64)",4616,92.2,90
"Latvia","LV",2020,83.7,"Alcohol","Lifetime","Young adults (15-34)",1627,84.9,82.3
"Latvia","LV",2020,77.1,"Alcohol","Last year","All adults (15-64)",4616,79.6,74.8
"Latvia","LV",2020,71.3,"Alcohol","Last year","Young adults (15-34)",1627,74.9,67.4
"Latvia","LV",2015,54.6,"Alcohol","Last month","All adults (15-64)",4513,71.1,38.9
"Latvia","LV",2020,75.4,"Tobacco","Lifetime","All adults (15-64)",4616,86.8,64.5
"Latvia","LV",2020,72.4,"Tobacco","Lifetime","Young adults (15-34)",1627,79.9,64.4
"Latvia","LV",2020,38.1,"Tobacco","Last year","All adults (15-64)",4616,52.2,24.5
"Latvia","LV",2020,36,"Tobacco","Last year","Young adults (15-34)",1627,47.4,23.8
"Latvia","LV",2020,36.1,"Tobacco","Last month","All adults (15-64)",4616,49.8,23
"Latvia","LV",2020,33.9,"Tobacco","Last month","Young adults (15-34)",1627,44.7,22.3
"Lithuania","LT",2021,13.7,"Cannabis","Lifetime","All adults (15-64)",2501,20.7,6.8
"Lithuania","LT",2021,23.3,"Cannabis","Lifetime","Young adults (15-34)",902,31.2,14.5
"Lithuania","LT",2021,4.3,"Cannabis","Last year","All adults (15-64)",2501,6.7,1.9
"Lithuania","LT",2021,8.8,"Cannabis","Last year","Young adults (15-34)",902,12.6,4.6
"Lithuania","LT",2021,1.5,"Cannabis","Last month","All adults (15-64)",2501,2.7,0.3
"Lithuania","LT",2021,3,"Cannabis","Last month","Young adults (15-34)",902,4.8,0.9
"Lithuania","LT",2021,1.8,"Cocaine","Lifetime","All adults (15-64)",2501,2.9,0.6
"Lithuania","LT",2021,2.9,"Cocaine","Lifetime","Young adults (15-34)",902,4,1.6
"Lithuania","LT",2021,0.6,"Cocaine","Last year","All adults (15-64)",2501,1.2,0
"Lithuania","LT",2021,0.8,"Cocaine","Last year","Young adults (15-34)",902,1.6,0
"Lithuania","LT",2021,0.4,"Cocaine","Last month","All adults (15-64)",2501,0.8,0
"Lithuania","LT",2021,0.4,"Cocaine","Last month","Young adults (15-34)",902,0.8,0
"Lithuania","LT",2021,1.4,"Amphetamines","Lifetime","All adults (15-64)",2501,2.6,0.3
"Lithuania","LT",2021,2.9,"Amphetamines","Lifetime","Young adults (15-34)",902,4.6,0.9
"Lithuania","LT",2021,0.2,"Amphetamines","Last year","All adults (15-64)",2501,0.4,0
"Lithuania","LT",2021,0.6,"Amphetamines","Last year","Young adults (15-34)",902,1.1,0
"Lithuania","LT",2021,0.1,"Amphetamines","Last month","All adults (15-64)",2501,0.1,0
"Lithuania","LT",2021,0.1,"Amphetamines","Last month","Young adults (15-34)",902,0.2,0
"Lithuania","LT",2021,1.8,"Ecstasy","Lifetime","All adults (15-64)",2501,3.1,0.5
"Lithuania","LT",2021,3.3,"Ecstasy","Lifetime","Young adults (15-34)",902,5.5,1
"Lithuania","LT",2021,0.4,"Ecstasy","Last year","All adults (15-64)",2501,0.8,0
"Lithuania","LT",2021,0.8,"Ecstasy","Last year","Young adults (15-34)",902,1.5,0
"Lithuania","LT",2021,0.1,"Ecstasy","Last month","All adults (15-64)",2501,0.2,0
"Lithuania","LT",2021,0.2,"Ecstasy","Last month","Young adults (15-34)",902,0.4,0
"Lithuania","LT",2021,1,"LSD","Lifetime","All adults (15-64)",2501,1.9,0.1
"Lithuania","LT",2021,2,"LSD","Lifetime","Young adults (15-34)",902,3.4,0.3
"Lithuania","LT",2021,0.2,"LSD","Last year","All adults (15-64)",2501,0.5,0
"Lithuania","LT",2021,0.3,"LSD","Last year","Young adults (15-34)",902,0.6,0
"Lithuania","LT",2021,0.1,"LSD","Last month","All adults (15-64)",2501,0.1,0
"Lithuania","LT",2021,0.1,"LSD","Last month","Young adults (15-34)",902,0.1,0
"Lithuania","LT",2021,84.4,"Alcohol","Last year","All adults (15-64)",2501,86.7,82.1
"Lithuania","LT",2021,80.3,"Alcohol","Last year","Young adults (15-34)",902,82.8,77.5
"Lithuania","LT",2021,62.8,"Alcohol","Last month","All adults (15-64)",2501,72.4,53.2
"Lithuania","LT",2021,59.3,"Alcohol","Last month","Young adults (15-34)",902,67.2,50.4
"Lithuania","LT",2021,65.2,"Tobacco","Lifetime","All adults (15-64)",2501,80,50.3
"Lithuania","LT",2021,61.9,"Tobacco","Lifetime","Young adults (15-34)",902,74.5,48
"Lithuania","LT",2021,38.5,"Tobacco","Last year","All adults (15-64)",2501,53.1,23.9
"Lithuania","LT",2021,36.3,"Tobacco","Last year","Young adults (15-34)",902,47.7,23.6
"Lithuania","LT",2021,34.9,"Tobacco","Last month","All adults (15-64)",2501,49.2,20.5
"Lithuania","LT",2021,30.4,"Tobacco","Last month","Young adults (15-34)",902,41.8,17.6
"Luxembourg","LU",2019,23.3,"Cannabis","Lifetime","All adults (15-64)",3514,27.8,19.6
"Luxembourg","LU",2019,32.7,"Cannabis","Lifetime","Young adults (15-34)",1052,38.1,29.5
"Luxembourg","LU",2019,5.4,"Cannabis","Last year","All adults (15-64)",3514,7,4
"Luxembourg","LU",2019,12,"Cannabis","Last year","Young adults (15-34)",1052,16.5,9.3
"Luxembourg","LU",2019,2.3,"Cannabis","Last month","All adults (15-64)",3514,3.5,1.4
"Luxembourg","LU",2019,4.8,"Cannabis","Last month","Young adults (15-34)",1052,7.9,3
"Luxembourg","LU",2019,2.9,"Cocaine","Lifetime","All adults (15-64)",3514,4.2,1.8
"Luxembourg","LU",2019,2.7,"Cocaine","Lifetime","Young adults (15-34)",1052,3,2.4
"Luxembourg","LU",2019,0.5,"Cocaine","Last year","All adults (15-64)",3514,0.7,0.3
"Luxembourg","LU",2019,0.9,"Cocaine","Last year","Young adults (15-34)",1052,1.5,0.5
"Luxembourg","LU",2019,0,"Cocaine","Last month","All adults (15-64)",3514,0,0
"Luxembourg","LU",2019,0,"Cocaine","Last month","Young adults (15-34)",1052,0,0
"Luxembourg","LU",2019,1.3,"Amphetamines","Lifetime","All adults (15-64)",3514,2,0.8
"Luxembourg","LU",2019,1,"Amphetamines","Lifetime","Young adults (15-34)",1052,1.3,0.9
"Luxembourg","LU",2019,0.1,"Amphetamines","Last year","All adults (15-64)",3514,0.1,0.1
"Luxembourg","LU",2019,0.3,"Amphetamines","Last year","Young adults (15-34)",1052,0.3,0.3
"Luxembourg","LU",2019,0,"Amphetamines","Last month","All adults (15-64)",3514,0,0
"Luxembourg","LU",2019,0,"Amphetamines","Last month","Young adults (15-34)",1052,0,0
"Luxembourg","LU",2019,2,"Ecstasy","Lifetime","All adults (15-64)",3514,3,1.3
"Luxembourg","LU",2019,2.8,"Ecstasy","Lifetime","Young adults (15-34)",1052,3.8,2.1
"Luxembourg","LU",2019,0.3,"Ecstasy","Last year","All adults (15-64)",3514,0.4,0.2
"Luxembourg","LU",2019,0.9,"Ecstasy","Last year","Young adults (15-34)",1052,1.3,0.6
"Luxembourg","LU",2019,0,"Ecstasy","Last month","All adults (15-64)",3514,0.1,0
"Luxembourg","LU",2019,0.1,"Ecstasy","Last month","Young adults (15-34)",1052,0.3,0
"Luxembourg","LU",2019,1.5,"LSD","Lifetime","All adults (15-64)",3514,2.2,0.9
"Luxembourg","LU",2019,1,"LSD","Lifetime","Young adults (15-34)",1052,1,0.9
"Luxembourg","LU",2019,0.1,"LSD","Last year","All adults (15-64)",3514,0.1,0.1
"Luxembourg","LU",2019,0.3,"LSD","Last year","Young adults (15-34)",1052,0.3,0.3
"Luxembourg","LU",2019,0,"LSD","Last month","All adults (15-64)",3514,0,0
"Luxembourg","LU",2019,0,"LSD","Last month","Young adults (15-34)",1052,0,0
"Luxembourg","LU",2019,88,"Alcohol","Lifetime","All adults (15-64)",3514,92,84.8
"Luxembourg","LU",2019,84.1,"Alcohol","Lifetime","Young adults (15-34)",1052,89.1,81.2
"Luxembourg","LU",2019,81.3,"Alcohol","Last year","All adults (15-64)",3514,86.1,77.4
"Luxembourg","LU",2019,76.7,"Alcohol","Last year","Young adults (15-34)",1052,83.8,72.5
"Luxembourg","LU",2019,71.4,"Alcohol","Last month","All adults (15-64)",3514,79.5,64.9
"Luxembourg","LU",2019,61.4,"Alcohol","Last month","Young adults (15-34)",1052,71.8,55.2
"Malta","MT",2013,4.3,"Cannabis","Lifetime","All adults (15-64)",,6.7,2
"Malta","MT",2013,0.9,"Cannabis","Last year","All adults (15-64)",,,
"Malta","MT",2013,0.4,"Cannabis","Last month","All adults (15-64)",,,
"Malta","MT",2013,0.5,"Cocaine","Lifetime","All adults (15-64)",,,
"Malta","MT",2013,0.3,"Amphetamines","Lifetime","All adults (15-64)",,,
"Malta","MT",2013,0.7,"Ecstasy","Lifetime","All adults (15-64)",,,
"Malta","MT",2013,75.9,"Alcohol","Lifetime","All adults (15-64)",,86.6,69.2
"Malta","MT",2013,70.6,"Alcohol","Last year","All adults (15-64)",,77.8,63.4
"Malta","MT",2013,58.8,"Alcohol","Last month","All adults (15-64)",,69.9,47.8
"Malta","MT",2013,45.1,"Tobacco","Lifetime","All adults (15-64)",,54.8,35.5
"Malta","MT",2013,28.7,"Tobacco","Last year","All adults (15-64)",,35.5,22.2
"Malta","MT",2013,27.4,"Tobacco","Last month","All adults (15-64)",,33.5,21.3
"Netherlands","NL",2022,28.8,"Cannabis","Lifetime","All adults (15-64)",6043,34.1,23.5
"Netherlands","NL",2022,39.4,"Cannabis","Lifetime","Young adults (15-34)",2157,45.2,33.4
"Netherlands","NL",2022,10.2,"Cannabis","Last year","All adults (15-64)",6043,13.7,6.6
"Netherlands","NL",2022,18.2,"Cannabis","Last year","Young adults (15-34)",2157,23.1,13.1
"Netherlands","NL",2022,6.1,"Cannabis","Last month","All adults (15-64)",6043,8.6,3.5
"Netherlands","NL",2022,10,"Cannabis","Last month","Young adults (15-34)",2157,13.3,6.5
"Netherlands","NL",2022,7.8,"Cocaine","Lifetime","All adults (15-64)",6043,10.4,5.1
"Netherlands","NL",2022,10.9,"Cocaine","Lifetime","Young adults (15-34)",2157,14.5,7.1
"Netherlands","NL",2022,3,"Cocaine","Last year","All adults (15-64)",6043,4.2,1.9
"Netherlands","NL",2022,5.5,"Cocaine","Last year","Young adults (15-34)",2157,7,3.9
"Netherlands","NL",2022,1.2,"Cocaine","Last month","All adults (15-64)",6043,1.8,0.7
"Netherlands","NL",2022,2.3,"Cocaine","Last month","Young adults (15-34)",2157,3.1,1.4
"Netherlands","NL",2022,6.3,"Amphetamines","Lifetime","All adults (15-64)",6043,8.7,3.8
"Netherlands","NL",2022,9.2,"Amphetamines","Lifetime","Young adults (15-34)",2157,12.6,5.6
"Netherlands","NL",2022,1.7,"Amphetamines","Last year","All adults (15-64)",6043,2.4,1.1
"Netherlands","NL",2022,3.2,"Amphetamines","Last year","Young adults (15-34)",2157,4.2,2.1
"Netherlands","NL",2022,0.7,"Amphetamines","Last month","All adults (15-64)",6043,1,0.4
"Netherlands","NL",2022,1.1,"Amphetamines","Last month","Young adults (15-34)",2157,1.3,0.9
"Netherlands","NL",2022,12.7,"Ecstasy","Lifetime","All adults (15-64)",6043,15.3,10.1
"Netherlands","NL",2022,19.6,"Ecstasy","Lifetime","Young adults (15-34)",2157,22.5,16.6
"Netherlands","NL",2022,4.9,"Ecstasy","Last year","All adults (15-64)",6043,5.9,3.9
"Netherlands","NL",2022,9.8,"Ecstasy","Last year","Young adults (15-34)",2157,11.4,8.2
"Netherlands","NL",2022,1.6,"Ecstasy","Last month","All adults (15-64)",6043,2,1.2
"Netherlands","NL",2022,3.1,"Ecstasy","Last month","Young adults (15-34)",2157,3.5,2.7
"Netherlands","NL",2022,2.2,"LSD","Lifetime","All adults (15-64)",6043,3,1.3
"Netherlands","NL",2022,2.8,"LSD","Lifetime","Young adults (15-34)",2157,3.6,1.9
"Netherlands","NL",2022,0.5,"LSD","Last year","All adults (15-64)",6043,0.6,0.3
"Netherlands","NL",2022,0.9,"LSD","Last year","Young adults (15-34)",2157,1.3,0.5
"Netherlands","NL",2022,0.2,"LSD","Last month","All adults (15-64)",6043,0.3,0.1
"Netherlands","NL",2022,0.3,"LSD","Last month","Young adults (15-34)",2157,0.6,0.1
"Netherlands","NL",2019,79.1,"Alcohol","Last year","All adults (15-64)",6127,82.8,75.4
"Netherlands","NL",2019,78.8,"Alcohol","Last year","Young adults (15-34)",2195,80,77.6
"Netherlands","NL",2019,23.8,"Tobacco","Last year","All adults (15-64)",6127,27.8,19.7
"Netherlands","NL",2019,24.7,"Tobacco","Last year","Young adults (15-34)",2195,28.3,20.9
"Norway","NO",2022,27.1,"Cannabis","Lifetime","All adults (15-64)",1657,30.8,23.2
"Norway","NO",2022,32.2,"Cannabis","Lifetime","Young adults (15-34)",844,35.4,28.9
"Norway","NO",2022,5.5,"Cannabis","Last year","All adults (15-64)",1657,6,4.9
"Norway","NO",2022,11,"Cannabis","Last year","Young adults (15-34)",844,11.4,10.5
"Norway","NO",2022,2.4,"Cannabis","Last month","All adults (15-64)",1657,2.7,2.2
"Norway","NO",2022,4.7,"Cannabis","Last month","Young adults (15-34)",844,4.7,4.6
"Norway","NO",2022,7.3,"Cocaine","Lifetime","All adults (15-64)",1657,9.7,4.8
"Norway","NO",2022,10.1,"Cocaine","Lifetime","Young adults (15-34)",844,13.6,6.5
"Norway","NO",2022,2.1,"Cocaine","Last year","All adults (15-64)",1657,3,1.1
"Norway","NO",2022,4.2,"Cocaine","Last year","Young adults (15-34)",844,5.7,2.5
"Norway","NO",2022,5.2,"Amphetamines","Lifetime","All adults (15-64)",1657,7.3,3
"Norway","NO",2022,5.9,"Amphetamines","Lifetime","Young adults (15-34)",844,7.6,4.2
"Norway","NO",2022,0.4,"Amphetamines","Last year","All adults (15-64)",1657,0.6,0.2
"Norway","NO",2022,0.7,"Amphetamines","Last year","Young adults (15-34)",844,0.8,0.6
"Norway","NO",2022,4.7,"Ecstasy","Lifetime","All adults (15-64)",1657,5.9,3.6
"Norway","NO",2022,6.8,"Ecstasy","Lifetime","Young adults (15-34)",844,7.3,6.2
"Norway","NO",2022,0.6,"Ecstasy","Last year","All adults (15-64)",1657,0.8,0.4
"Norway","NO",2022,1.2,"Ecstasy","Last year","Young adults (15-34)",844,1.3,1.1
"Norway","NO",2022,2.5,"LSD","Lifetime","All adults (15-64)",1657,4,0.8
"Norway","NO",2022,3.3,"LSD","Lifetime","Young adults (15-34)",844,5.3,1.3
"Norway","NO",2022,0.1,"LSD","Last year","All adults (15-64)",1657,0.3,0
"Norway","NO",2022,0.4,"LSD","Last year","Young adults (15-34)",844,0.7,0
"Norway","NO",2022,91.4,"Alcohol","Lifetime","All adults (15-64)",1657,92.1,90.7
"Norway","NO",2022,88.5,"Alcohol","Lifetime","Young adults (15-34)",844,90,87.1
"Norway","NO",2022,82.1,"Alcohol","Last year","All adults (15-64)",1657,83.4,80.8
"Norway","NO",2022,80.9,"Alcohol","Last year","Young adults (15-34)",844,82.4,79.3
"Norway","NO",2022,67.2,"Alcohol","Last month","All adults (15-64)",1657,71.7,62.4
"Norway","NO",2022,64.6,"Alcohol","Last month","Young adults (15-34)",844,68.7,60.3
"Norway","NO",2022,46.7,"Tobacco","Lifetime","All adults (15-64)",1657,47.1,46.2
"Norway","NO",2022,38.1,"Tobacco","Lifetime","Young adults (15-34)",844,40.1,36
"Poland","PL",2018,12.1,"Cannabis","Lifetime","All adults (15-64)",3013,16.4,7.7
"Poland","PL",2018,19.1,"Cannabis","Lifetime","Young adults (15-34)",1118,24.6,13.3
"Poland","PL",2018,3.8,"Cannabis","Last year","All adults (15-64)",3013,5,2.6
"Poland","PL",2018,7.8,"Cannabis","Last year","Young adults (15-34)",1118,10.2,5.3
"Poland","PL",2018,2,"Cannabis","Last month","All adults (15-64)",3013,2.7,1.3
"Poland","PL",2018,4.1,"Cannabis","Last month","Young adults (15-34)",1118,5.6,2.6
"Poland","PL",2018,0.7,"Cocaine","Lifetime","All adults (15-64)",3013,1.1,0.4
"Poland","PL",2018,1.2,"Cocaine","Lifetime","Young adults (15-34)",1118,1.4,0.9
"Poland","PL",2018,0.3,"Cocaine","Last year","All adults (15-64)",3013,0.3,0.2
"Poland","PL",2018,0.5,"Cocaine","Last year","Young adults (15-34)",1118,0.5,0.6
"Poland","PL",2018,0.2,"Cocaine","Last month","All adults (15-64)",3013,0.3,0.1
"Poland","PL",2018,0.4,"Cocaine","Last month","Young adults (15-34)",1118,0.4,0.4
"Poland","PL",2018,2.4,"Amphetamines","Lifetime","All adults (15-64)",3013,3.3,1.4
"Poland","PL",2018,3.2,"Amphetamines","Lifetime","Young adults (15-34)",1118,4,2.4
"Poland","PL",2018,0.8,"Amphetamines","Last year","All adults (15-64)",3013,0.9,0.7
"Poland","PL",2018,1.4,"Amphetamines","Last year","Young adults (15-34)",1118,1.6,1.3
"Poland","PL",2018,0.5,"Amphetamines","Last month","All adults (15-64)",3013,0.5,0.5
"Poland","PL",2018,0.7,"Amphetamines","Last month","Young adults (15-34)",1118,0.5,0.9
"Poland","PL",2018,1,"Ecstasy","Lifetime","All adults (15-64)",3013,1.3,0.7
"Poland","PL",2018,1.4,"Ecstasy","Lifetime","Young adults (15-34)",1118,1.9,0.9
"Poland","PL",2018,0.3,"Ecstasy","Last year","All adults (15-64)",3013,0.3,0.3
"Poland","PL",2018,0.5,"Ecstasy","Last year","Young adults (15-34)",1118,0.5,0.6
"Poland","PL",2018,0.3,"Ecstasy","Last month","All adults (15-64)",3013,0.3,0.3
"Poland","PL",2018,0.5,"Ecstasy","Last month","Young adults (15-34)",1118,0.5,0.6
"Poland","PL",2018,1,"LSD","Lifetime","All adults (15-64)",3013,1.3,0.7
"Poland","PL",2018,1.1,"LSD","Lifetime","Young adults (15-34)",1118,1.8,0.4
"Poland","PL",2018,0.5,"LSD","Last year","All adults (15-64)",3013,0.5,0.5
"Poland","PL",2018,0.4,"LSD","Last year","Young adults (15-34)",1118,0.5,0.2
"Poland","PL",2018,0.4,"LSD","Last month","All adults (15-64)",3013,0.5,0.4
"Poland","PL",2018,0.3,"LSD","Last month","Young adults (15-34)",1118,0.4,0.2
"Poland","PL",2018,79.9,"Alcohol","Last year","All adults (15-64)",3013,85.7,74
"Poland","PL",2018,77.8,"Alcohol","Last year","Young adults (15-34)",1118,82.4,73
"Poland","PL",2018,47.4,"Tobacco","Lifetime","All adults (15-64)",3013,57.2,37.6
"Poland","PL",2018,38.9,"Tobacco","Lifetime","Young adults (15-34)",1118,45.5,32.1
"Poland","PL",2018,34,"Tobacco","Last month","All adults (15-64)",3013,42.4,25.7
"Poland","PL",2018,28.4,"Tobacco","Last month","Young adults (15-34)",1118,33.6,23.1
"Portugal","PT",2022,12.2,"Cannabis","Lifetime","All adults (15-64)",8378,17.5,7.1
"Portugal","PT",2022,15.2,"Cannabis","Lifetime","Young adults (15-34)",2550,20.7,9.5
"Portugal","PT",2022,2.8,"Cannabis","Last year","All adults (15-64)",8378,4.5,1.2
"Portugal","PT",2022,4.9,"Cannabis","Last year","Young adults (15-34)",2550,7.6,2.1
"Portugal","PT",2022,2.4,"Cannabis","Last month","All adults (15-64)",8378,4,0.9
"Portugal","PT",2022,4.2,"Cannabis","Last month","Young adults (15-34)",2550,6.8,1.6
"Portugal","PT",2022,1.1,"Cocaine","Lifetime","All adults (15-64)",8378,1.6,0.5
"Portugal","PT",2022,1.2,"Cocaine","Lifetime","Young adults (15-34)",2550,1.9,0.5
"Portugal","PT",2022,0.2,"Cocaine","Last year","All adults (15-64)",8378,0.3,0.1
"Portugal","PT",2022,0.5,"Cocaine","Last year","Young adults (15-34)",2550,0.6,0.3
"Portugal","PT",2022,0.1,"Cocaine","Last month","All adults (15-64)",8378,0.3,0
"Portugal","PT",2022,0.2,"Cocaine","Last month","Young adults (15-34)",2550,0.4,
"Portugal","PT",2016,0.4,"Amphetamines","Lifetime","All adults (15-64)",9632,0.6,0.3
"Portugal","PT",2016,0.4,"Amphetamines","Lifetime","Young adults (15-34)",3467,0.3,0.4
"Portugal","PT",2016,0,"Amphetamines","Last year","All adults (15-64)",9632,0,0
"Portugal","PT",2016,0,"Amphetamines","Last year","Young adults (15-34)",3467,0,0
"Portugal","PT",2016,0,"Amphetamines","Last month","All adults (15-64)",9632,0,0
"Portugal","PT",2022,0.1,"Amphetamines","Last month","Young adults (15-34)",2550,0.1,
"Portugal","PT",2022,0.9,"Ecstasy","Lifetime","All adults (15-64)",8378,1.6,0.4
"Portugal","PT",2022,1,"Ecstasy","Lifetime","Young adults (15-34)",2550,1.8,0.2
"Portugal","PT",2022,0.1,"Ecstasy","Last year","All adults (15-64)",8378,0.2,0
"Portugal","PT",2022,0.3,"Ecstasy","Last year","Young adults (15-34)",2550,0.5,0.1
"Portugal","PT",2022,0.1,"Ecstasy","Last month","All adults (15-64)",8378,0.2,0
"Portugal","PT",2022,0.2,"Ecstasy","Last month","Young adults (15-34)",2550,0.4,0.1
"Portugal","PT",2022,0.4,"LSD","Lifetime","All adults (15-64)",8378,0.7,0
"Portugal","PT",2022,0.4,"LSD","Lifetime","Young adults (15-34)",2550,0.8,0.1
"Portugal","PT",2022,0.1,"LSD","Last year","All adults (15-64)",8378,0.1,
"Portugal","PT",2022,0.2,"LSD","Last year","Young adults (15-34)",2550,0.3,
"Portugal","PT",2016,0,"LSD","Last month","All adults (15-64)",9632,0,0
"Portugal","PT",2016,0,"LSD","Last month","Young adults (15-34)",3467,0,0
"Portugal","PT",2022,75.8,"Alcohol","Lifetime","All adults (15-64)",8378,84.1,68
"Portugal","PT",2022,68.8,"Alcohol","Lifetime","Young adults (15-34)",2550,75.5,61.8
"Portugal","PT",2022,63.5,"Alcohol","Last year","All adults (15-64)",8378,74.9,52.7
"Portugal","PT",2022,57.9,"Alcohol","Last year","Young adults (15-34)",2550,66.7,48.9
"Portugal","PT",2022,56.4,"Alcohol","Last month","All adults (15-64)",8378,69.4,44.1
"Portugal","PT",2022,49.4,"Alcohol","Last month","Young adults (15-34)",2550,59.3,39.4
"Portugal","PT",2022,51,"Tobacco","Lifetime","All adults (15-64)",8378,61.6,41
"Portugal","PT",2022,44.2,"Tobacco","Lifetime","Young adults (15-34)",2550,51.3,36.9
"Portugal","PT",2022,33.1,"Tobacco","Last year","All adults (15-64)",8378,42.4,24.3
"Portugal","PT",2022,29.4,"Tobacco","Last year","Young adults (15-34)",2550,37.5,21
"Portugal","PT",2022,31.9,"Tobacco","Last month","All adults (15-64)",8378,40.8,23.4
"Portugal","PT",2022,27.8,"Tobacco","Last month","Young adults (15-34)",2550,35.8,19.6
"Romania","RO",2019,6.1,"Cannabis","Lifetime","All adults (15-64)",7200,8,4.3
"Romania","RO",2019,9.5,"Cannabis","Lifetime","Young adults (15-34)",3549,12.4,6.6
"Romania","RO",2019,3.5,"Cannabis","Last year","All adults (15-64)",7200,4.8,2.1
"Romania","RO",2019,6,"Cannabis","Last year","Young adults (15-34)",3549,8.4,3.5
"Romania","RO",2019,1.8,"Cannabis","Last month","All adults (15-64)",7200,2.3,1.2
"Romania","RO",2019,3,"Cannabis","Last month","Young adults (15-34)",3549,4,2
"Romania","RO",2019,1.6,"Cocaine","Lifetime","All adults (15-64)",7200,2.1,1
"Romania","RO",2019,2.4,"Cocaine","Lifetime","Young adults (15-34)",3549,3.4,1.3
"Romania","RO",2019,0.5,"Cocaine","Last year","All adults (15-64)",7200,0.6,0.4
"Romania","RO",2019,0.7,"Cocaine","Last year","Young adults (15-34)",3549,1,0.4
"Romania","RO",2019,0.4,"Cocaine","Last month","All adults (15-64)",7200,0.5,0.3
"Romania","RO",2019,0.6,"Cocaine","Last month","Young adults (15-34)",3549,0.7,0.4
"Romania","RO",2019,0.2,"Amphetamines","Lifetime","All adults (15-64)",7200,0.2,0.3
"Romania","RO",2019,0.3,"Amphetamines","Lifetime","Young adults (15-34)",3549,0.3,0.3
"Romania","RO",2016,0.1,"Amphetamines","Last year","All adults (15-64)",7200,0.1,0
"Romania","RO",2019,0.1,"Amphetamines","Last year","Young adults (15-34)",3549,0.1,0.1
"Romania","RO",2016,0,"Amphetamines","Last month","All adults (15-64)",7200,0.1,0
"Romania","RO",2016,0.1,"Amphetamines","Last month","Young adults (15-34)",3609,0.1,0
"Romania","RO",2019,1,"Ecstasy","Lifetime","All adults (15-64)",7200,1.5,0.5
"Romania","RO",2019,1.5,"Ecstasy","Lifetime","Young adults (15-34)",3549,2.6,0.5
"Romania","RO",2019,0.5,"Ecstasy","Last year","All adults (15-64)",7200,0.7,0.2
"Romania","RO",2019,0.8,"Ecstasy","Last year","Young adults (15-34)",3549,1.4,0.2
"Romania","RO",2019,0.4,"Ecstasy","Last month","All adults (15-64)",7200,0.6,0.2
"Romania","RO",2019,0.7,"Ecstasy","Last month","Young adults (15-34)",3549,1.2,0.2
"Romania","RO",2019,0.5,"LSD","Lifetime","All adults (15-64)",7200,0.6,0.4
"Romania","RO",2019,0.7,"LSD","Lifetime","Young adults (15-34)",3549,0.9,0.5
"Romania","RO",2019,0.3,"LSD","Last year","All adults (15-64)",7200,0.4,0.3
"Romania","RO",2019,0.5,"LSD","Last year","Young adults (15-34)",3549,0.7,0.3
"Romania","RO",2019,0.3,"LSD","Last month","All adults (15-64)",7200,0.4,0.3
"Romania","RO",2019,0.5,"LSD","Last month","Young adults (15-34)",3549,0.6,0.3
"Romania","RO",2019,82.4,"Alcohol","Lifetime","All adults (15-64)",7200,86.3,78.6
"Romania","RO",2019,80.5,"Alcohol","Lifetime","Young adults (15-34)",3549,84.2,76.7
"Romania","RO",2019,60.1,"Alcohol","Last year","All adults (15-64)",7200,69.1,51.1
"Romania","RO",2019,61.8,"Alcohol","Last year","Young adults (15-34)",3549,69.4,54
"Romania","RO",2019,48.7,"Alcohol","Last month","All adults (15-64)",7200,60.1,37.3
"Romania","RO",2019,50.1,"Alcohol","Last month","Young adults (15-34)",3549,60,40
"Romania","RO",2019,58.3,"Tobacco","Lifetime","All adults (15-64)",7200,67.2,49.4
"Romania","RO",2019,57.7,"Tobacco","Lifetime","Young adults (15-34)",3549,67.2,50.5
"Romania","RO",2019,41.5,"Tobacco","Last year","All adults (15-64)",7200,49.3,33.5
"Romania","RO",2019,44.7,"Tobacco","Last year","Young adults (15-34)",3549,53.4,35.8
"Romania","RO",2019,40.8,"Tobacco","Last month","All adults (15-64)",7200,48.6,32.9
"Romania","RO",2019,43.8,"Tobacco","Last month","Young adults (15-34)",3549,52.7,34.7
"Slovakia","SK",2023,23.1,"Cannabis","Lifetime","All adults (15-64)",,29.2,16.9
"Slovakia","SK",2023,34,"Cannabis","Lifetime","Young adults (15-34)",,41,26.3
"Slovakia","SK",2023,5.4,"Cannabis","Last year","All adults (15-64)",,8.3,2.3
"Slovakia","SK",2023,10.2,"Cannabis","Last year","Young adults (15-34)",,15,4.9
"Slovakia","SK",2023,3.2,"Cannabis","Last month","All adults (15-64)",,5,1.3
"Slovakia","SK",2023,5.8,"Cannabis","Last month","Young adults (15-34)",,8.9,2.5
"Slovakia","SK",2023,2.1,"Cocaine","Lifetime","All adults (15-64)",,3,1.2
"Slovakia","SK",2023,3.7,"Cocaine","Lifetime","Young adults (15-34)",,4.9,2.3
"Slovakia","SK",2023,0.5,"Cocaine","Last year","All adults (15-64)",,0.7,0.3
"Slovakia","SK",2023,1.1,"Cocaine","Last year","Young adults (15-34)",,1.4,0.8
"Slovakia","SK",2023,0.1,"Cocaine","Last month","All adults (15-64)",,0.2,0
"Slovakia","SK",2023,0.2,"Cocaine","Last month","Young adults (15-34)",,0.2,0.1
"Slovakia","SK",2023,1.3,"Amphetamines","Lifetime","All adults (15-64)",,1.9,0.8
"Slovakia","SK",2023,2,"Amphetamines","Lifetime","Young adults (15-34)",,2.5,1.3
"Slovakia","SK",2023,0.1,"Amphetamines","Last year","All adults (15-64)",,0.1,0
"Slovakia","SK",2023,0.1,"Amphetamines","Last year","Young adults (15-34)",,0.1,0.1
"Slovakia","SK",2023,0.1,"Amphetamines","Last month","All adults (15-64)",,0.1,0
"Slovakia","SK",2023,0.1,"Amphetamines","Last month","Young adults (15-34)",,0,0.1
"Slovakia","SK",2023,4.9,"Ecstasy","Lifetime","All adults (15-64)",,6.5,3.2
"Slovakia","SK",2023,8.3,"Ecstasy","Lifetime","Young adults (15-34)",,10.8,5.6
"Slovakia","SK",2023,1,"Ecstasy","Last year","All adults (15-64)",,1.4,0.5
"Slovakia","SK",2023,2.1,"Ecstasy","Last year","Young adults (15-34)",,2.9,1.3
"Slovakia","SK",2023,0.3,"Ecstasy","Last month","All adults (15-64)",,0.5,0.1
"Slovakia","SK",2023,0.5,"Ecstasy","Last month","Young adults (15-34)",,0.8,0.2
"Slovakia","SK",2023,1.5,"LSD","Lifetime","All adults (15-64)",,2,1
"Slovakia","SK",2023,2.7,"LSD","Lifetime","Young adults (15-34)",,3.6,1.6
"Slovakia","SK",2023,0.2,"LSD","Last year","All adults (15-64)",,0.4,0
"Slovakia","SK",2023,0.5,"LSD","Last year","Young adults (15-34)",,0.9,0.1
"Slovakia","SK",2023,0.1,"LSD","Last month","All adults (15-64)",,0.2,0
"Slovakia","SK",2023,0.2,"LSD","Last month","Young adults (15-34)",,0.3,0
"Slovakia","SK",2023,85.3,"Alcohol","Lifetime","All adults (15-64)",,87.8,82.6
"Slovakia","SK",2023,80.7,"Alcohol","Lifetime","Young adults (15-34)",,83.2,78
"Slovakia","SK",2023,69.8,"Alcohol","Last year","All adults (15-64)",,75.5,63.9
"Slovakia","SK",2023,67.2,"Alcohol","Last year","Young adults (15-34)",,70.9,63.1
"Slovakia","SK",2023,54.5,"Alcohol","Last month","All adults (15-64)",,62.9,45.8
"Slovakia","SK",2023,51.1,"Alcohol","Last month","Young adults (15-34)",,56,45.6
"Slovakia","SK",2023,53.6,"Tobacco","Lifetime","All adults (15-64)",,61.6,45.3
"Slovakia","SK",2023,49.2,"Tobacco","Lifetime","Young adults (15-34)",,54.1,43.8
"Slovakia","SK",2023,32.7,"Tobacco","Last year","All adults (15-64)",,40.2,25
"Slovakia","SK",2023,32.2,"Tobacco","Last year","Young adults (15-34)",,37.4,26.4
"Slovakia","SK",2023,29.9,"Tobacco","Last month","All adults (15-64)",,37.5,22.1
"Slovakia","SK",2023,28.3,"Tobacco","Last month","Young adults (15-34)",,33.3,22.7
"Slovenia","SI",2018,20.7,"Cannabis","Lifetime","All adults (15-64)",9161,24.7,16.5
"Slovenia","SI",2018,33.1,"Cannabis","Lifetime","Young adults (15-34)",3054,36.6,29.4
"Slovenia","SI",2018,5.9,"Cannabis","Last year","All adults (15-64)",9161,7.8,3.8
"Slovenia","SI",2018,12.3,"Cannabis","Last year","Young adults (15-34)",3054,15.3,9.1
"Slovenia","SI",2018,3,"Cannabis","Last month","All adults (15-64)",9161,4.3,1.6
"Slovenia","SI",2018,6.1,"Cannabis","Last month","Young adults (15-34)",3054,8.3,3.8
"Slovenia","SI",2018,2.7,"Cocaine","Lifetime","All adults (15-64)",9161,3.6,1.6
"Slovenia","SI",2018,4.5,"Cocaine","Lifetime","Young adults (15-34)",3054,5.7,3.3
"Slovenia","SI",2018,0.8,"Cocaine","Last year","All adults (15-64)",9161,1,0.5
"Slovenia","SI",2018,1.8,"Cocaine","Last year","Young adults (15-34)",3054,2.3,1.2
"Slovenia","SI",2018,0.3,"Cocaine","Last month","All adults (15-64)",9161,0.4,0.2
"Slovenia","SI",2018,0.7,"Cocaine","Last month","Young adults (15-34)",3054,1,0.4
"Slovenia","SI",2018,2.3,"Amphetamines","Lifetime","All adults (15-64)",9161,3.2,1.4
"Slovenia","SI",2018,4.3,"Amphetamines","Lifetime","Young adults (15-34)",3054,5.6,2.8
"Slovenia","SI",2018,0.4,"Amphetamines","Last year","All adults (15-64)",9161,0.6,0.3
"Slovenia","SI",2018,1.1,"Amphetamines","Last year","Young adults (15-34)",3054,1.4,0.7
"Slovenia","SI",2018,0.2,"Amphetamines","Last month","All adults (15-64)",9161,0.3,0.1
"Slovenia","SI",2018,0.5,"Amphetamines","Last month","Young adults (15-34)",3054,0.8,0.2
"Slovenia","SI",2018,2.9,"Ecstasy","Lifetime","All adults (15-64)",9161,3.6,2.2
"Slovenia","SI",2018,4.7,"Ecstasy","Lifetime","Young adults (15-34)",3054,5.2,4.1
"Slovenia","SI",2018,0.5,"Ecstasy","Last year","All adults (15-64)",9161,0.6,0.3
"Slovenia","SI",2018,1.3,"Ecstasy","Last year","Young adults (15-34)",3054,1.6,0.9
"Slovenia","SI",2018,0.2,"Ecstasy","Last month","All adults (15-64)",9161,0.3,0.1
"Slovenia","SI",2018,0.5,"Ecstasy","Last month","Young adults (15-34)",3054,0.7,0.3
"Slovenia","SI",2018,2.2,"LSD","Lifetime","All adults (15-64)",9161,2.9,1.4
"Slovenia","SI",2018,3.5,"LSD","Lifetime","Young adults (15-34)",3054,4.4,2.5
"Slovenia","SI",2018,0.3,"LSD","Last year","All adults (15-64)",9161,0.4,0.2
"Slovenia","SI",2018,0.8,"LSD","Last year","Young adults (15-34)",3054,1,0.6
"Slovenia","SI",2018,0.1,"LSD","Last month","All adults (15-64)",9161,0.1,0
"Slovenia","SI",2018,0.2,"LSD","Last month","Young adults (15-34)",3054,0.2,0.1
"Slovenia","SI",2018,80.2,"Alcohol","Last year","All adults (15-64)",9161,85,75
"Slovenia","SI",2018,82.8,"Alcohol","Last year","Young adults (15-34)",3054,86,79.4
"Slovenia","SI",2012,67.1,"Alcohol","Last month","All adults (15-64)",7514,74.7,59.1
"Slovenia","SI",2012,69.5,"Alcohol","Last month","Young adults (15-34)",,75.8,62.8
"Spain","ES",2022,40.9,"Cannabis","Lifetime","All adults (15-64)",26344,48.8,32.9
"Spain","ES",2022,47.2,"Cannabis","Lifetime","Young adults (15-34)",11495,53.4,40.8
"Spain","ES",2022,10.6,"Cannabis","Last year","All adults (15-64)",26344,14.4,6.8
"Spain","ES",2022,19.1,"Cannabis","Last year","Young adults (15-34)",11495,24,13.9
"Spain","ES",2022,8.6,"Cannabis","Last month","All adults (15-64)",26344,12,5.2
"Spain","ES",2022,15.1,"Cannabis","Last month","Young adults (15-34)",11495,19.7,10.4
"Spain","ES",2022,12,"Cocaine","Lifetime","All adults (15-64)",26344,17.4,6.6
"Spain","ES",2022,10.7,"Cocaine","Lifetime","Young adults (15-34)",11495,14.7,6.5
"Spain","ES",2022,2.4,"Cocaine","Last year","All adults (15-64)",26344,3.6,1.1
"Spain","ES",2022,3.1,"Cocaine","Last year","Young adults (15-34)",11495,4.3,1.9
"Spain","ES",2022,1.4,"Cocaine","Last month","All adults (15-64)",26344,2.1,0.6
"Spain","ES",2022,1.8,"Cocaine","Last month","Young adults (15-34)",11495,2.4,1.1
"Spain","ES",2022,4.6,"Amphetamines","Lifetime","All adults (15-64)",26344,6.9,2.3
"Spain","ES",2022,4.2,"Amphetamines","Lifetime","Young adults (15-34)",11495,5.6,2.9
"Spain","ES",2022,0.6,"Amphetamines","Last year","All adults (15-64)",26344,0.8,0.3
"Spain","ES",2022,1.1,"Amphetamines","Last year","Young adults (15-34)",11495,1.4,0.7
"Spain","ES",2022,0.2,"Amphetamines","Last month","All adults (15-64)",26344,0.3,0.1
"Spain","ES",2022,0.4,"Amphetamines","Last month","Young adults (15-34)",11495,0.5,0.3
"Spain","ES",2022,5.1,"Ecstasy","Lifetime","All adults (15-64)",26344,7.4,2.9
"Spain","ES",2022,6.3,"Ecstasy","Lifetime","Young adults (15-34)",11495,8.1,4.4
"Spain","ES",2022,0.8,"Ecstasy","Last year","All adults (15-64)",26344,1,0.5
"Spain","ES",2022,1.8,"Ecstasy","Last year","Young adults (15-34)",11495,2,1.5
"Spain","ES",2022,0.2,"Ecstasy","Last month","All adults (15-64)",26344,0.3,0.1
"Spain","ES",2022,0.5,"Ecstasy","Last month","Young adults (15-34)",11495,0.7,0.3
"Spain","ES",2022,93.2,"Alcohol","Lifetime","All adults (15-64)",26344,94.9,91.4
"Spain","ES",2022,90.3,"Alcohol","Lifetime","Young adults (15-34)",11495,91.4,89.2
"Spain","ES",2022,76.4,"Alcohol","Last year","All adults (15-64)",26344,82.1,70.8
"Spain","ES",2022,78.9,"Alcohol","Last year","Young adults (15-34)",11495,82.1,75.5
"Spain","ES",2022,64.5,"Alcohol","Last month","All adults (15-64)",26344,73.1,55.7
"Spain","ES",2022,65.6,"Alcohol","Last month","Young adults (15-34)",11495,70.8,60.3
"Spain","ES",2022,69.6,"Tobacco","Lifetime","All adults (15-64)",26344,74.4,64.8
"Spain","ES",2022,62.4,"Tobacco","Lifetime","Young adults (15-34)",11495,65.3,59.4
"Spain","ES",2022,39,"Tobacco","Last year","All adults (15-64)",26344,44,34
"Spain","ES",2022,39.5,"Tobacco","Last year","Young adults (15-34)",11495,43.4,35.5
"Spain","ES",2022,37.2,"Tobacco","Last month","All adults (15-64)",26344,42.2,32.3
"Spain","ES",2022,36.8,"Tobacco","Last month","Young adults (15-34)",11495,40.8,32.7
"Sweden","SE",2022,17.8,"Cannabis","Lifetime","All adults (15-64)",9969,22.5,12.9
"Sweden","SE",2022,22.9,"Cannabis","Lifetime","Young adults (15-34)",2704,27.8,17.7
"Sweden","SE",2022,3.2,"Cannabis","Last year","All adults (15-64)",9969,4.1,2.3
"Sweden","SE",2022,6.6,"Cannabis","Last year","Young adults (15-34)",2704,8,5.2
"Sweden","SE",2022,1.2,"Cannabis","Last month","All adults (15-64)",9969,1.5,0.8
"Sweden","SE",2022,2.3,"Cannabis","Last month","Young adults (15-34)",2704,2.9,1.8
"Sweden","SE",2021,1.3,"Cocaine","Last year","All adults (15-64)",6562,1.7,0.9
"Sweden","SE",2021,2.8,"Cocaine","Last year","Young adults (15-34)",1928,3.2,2.3
"Sweden","SE",2021,0.2,"Cocaine","Last month","All adults (15-64)",6562,0.4,0.1
"Sweden","SE",2021,0.4,"Cocaine","Last month","Young adults (15-34)",1928,0.5,0.2
"Sweden","SE",2021,0.7,"Amphetamines","Last year","All adults (15-64)",6562,0.9,0.6
"Sweden","SE",2021,1.6,"Amphetamines","Last year","Young adults (15-34)",1928,1.8,1.5
"Sweden","SE",2021,0.2,"Amphetamines","Last month","All adults (15-64)",6562,0.2,0.1
"Sweden","SE",2021,0.4,"Amphetamines","Last month","Young adults (15-34)",1928,0.6,0.2
"Sweden","SE",2021,0.8,"Ecstasy","Last year","All adults (15-64)",6562,0.9,0.8
"Sweden","SE",2021,2,"Ecstasy","Last year","Young adults (15-34)",1928,2,2
"Sweden","SE",2021,0.1,"Ecstasy","Last month","All adults (15-64)",6562,0.2,0.1
"Sweden","SE",2021,0.3,"Ecstasy","Last month","Young adults (15-34)",1928,0.5,0.2
"Sweden","SE",2021,85.3,"Alcohol","Last year","All adults (15-64)",6562,85.9,84.7
"Sweden","SE",2021,80.2,"Alcohol","Last year","Young adults (15-34)",1928,79.6,81.1
"Sweden","SE",2017,6,"Tobacco","Last year","All adults (15-64)",7990,5.3,6.7
"Sweden","SE",2017,5.3,"Tobacco","Last year","Young adults (15-34)",2442,4.5,6
"Türkiye","TR",2017,2.7,"Cannabis","Lifetime","All adults (15-64)",,5.4,0.2
"Türkiye","TR",2017,3.9,"Cannabis","Lifetime","Young adults (15-34)",,7.3,0.4
"Türkiye","TR",2017,1.1,"Cannabis","Last year","All adults (15-64)",,2.2,0.1
"Türkiye","TR",2017,1.8,"Cannabis","Last year","Young adults (15-34)",,3.5,0.2
"Türkiye","TR",2017,0.8,"Cannabis","Last month","All adults (15-64)",,1.5,0
"Türkiye","TR",2017,1.2,"Cannabis","Last month","Young adults (15-34)",,2.4,0.1
"Türkiye","TR",2017,0.2,"Cocaine","Lifetime","All adults (15-64)",,0.3,0
"Türkiye","TR",2017,0.3,"Cocaine","Lifetime","Young adults (15-34)",,0.5,0
"Türkiye","TR",2017,0.1,"Cocaine","Last year","All adults (15-64)",,0.1,
"Türkiye","TR",2017,0.1,"Cocaine","Last year","Young adults (15-34)",,0.2,
"Türkiye","TR",2017,0,"Cocaine","Last month","All adults (15-64)",,0,
"Türkiye","TR",2017,0,"Cocaine","Last month","Young adults (15-34)",,0.1,
"Türkiye","TR",2017,0,"Amphetamines","Lifetime","All adults (15-64)",,0.1,
"Türkiye","TR",2017,0.1,"Amphetamines","Lifetime","Young adults (15-34)",,0.1,
"Türkiye","TR",2017,0.4,"Ecstasy","Lifetime","All adults (15-64)",,0.7,0
"Türkiye","TR",2017,0.6,"Ecstasy","Lifetime","Young adults (15-34)",,1,0.1
"Türkiye","TR",2017,0.1,"Ecstasy","Last year","All adults (15-64)",,0.2,
"Türkiye","TR",2017,0.2,"Ecstasy","Last year","Young adults (15-34)",,0.3,
"Türkiye","TR",2017,0.1,"Ecstasy","Last month","All adults (15-64)",,0.1,
"Türkiye","TR",2017,0.1,"Ecstasy","Last month","Young adults (15-34)",,0.2,
"Türkiye","TR",2017,0,"LSD","Lifetime","All adults (15-64)",,0.1,
"Türkiye","TR",2017,0.1,"LSD","Lifetime","Young adults (15-34)",,0.2,
"Türkiye","TR",2017,0,"LSD","Last year","All adults (15-64)",,0,
"Türkiye","TR",2017,0,"LSD","Last year","Young adults (15-34)",,0,
"Türkiye","TR",2017,0,"LSD","Last month","All adults (15-64)",,0,
"Türkiye","TR",2017,0,"LSD","Last month","Young adults (15-34)",,0,
"Türkiye","TR",2017,22.1,"Alcohol","Lifetime","All adults (15-64)",,34.3,10.7
"Türkiye","TR",2017,22.1,"Alcohol","Lifetime","Young adults (15-34)",,34.3,10.7
"Türkiye","TR",2017,12.7,"Alcohol","Last year","All adults (15-64)",,19.8,6
"Türkiye","TR",2017,14.9,"Alcohol","Last year","Young adults (15-34)",,22.2,7.4
"Türkiye","TR",2017,8.6,"Alcohol","Last month","All adults (15-64)",,13.8,3.7
"Türkiye","TR",2017,10.3,"Alcohol","Last month","Young adults (15-34)",,15.6,4.8
"Türkiye","TR",2017,47,"Tobacco","Lifetime","All adults (15-64)",,61.9,33.2
"Türkiye","TR",2017,47,"Tobacco","Lifetime","Young adults (15-34)",,61.9,33.2
"Türkiye","TR",2017,33.4,"Tobacco","Last year","All adults (15-64)",,45,22.5
"Türkiye","TR",2017,33.2,"Tobacco","Last year","Young adults (15-34)",,45.4,20.6
"Türkiye","TR",2017,31.5,"Tobacco","Last month","All adults (15-64)",,42.8,21
"Türkiye","TR",2017,31.2,"Tobacco","Last month","Young adults (15-34)",,43.1,18.9
